,Date,No. of BTC Traded per month,Open,High,Low,Close,Volume,Market Cap,circulating supply,Total Value Locked (TVL)
0,"June 28, 2022",248080,20732,21164,20229,20281,21381535161,386949194398,5031310480,77
1,"June 27, 2022",258883,21028,21478,20620,20735,20965695707,395606854741,5367939005,74
2,"June 26, 2022",206755,21496,21784,21016,21027,18027170497,401157940864,4347437385,92
3,"June 25, 2022",218017,21234,21521,20965,21502,18372538715,410202265385,4687801534,88
4,"June 24, 2022",254348,21085,21473,20778,21232,24957784918,405018505024,5400316736,75
5,"June 23, 2022",255213,19987,21136,19950,21086,26188097173,402219959761,5381421318,75
6,"June 22, 2022",255472,20719,20836,19848,19987,28574793478,381240087224,5106118864,75
7,"June 21, 2022",254438,20594,21621,20415,20711,28970212744,395025644880,5269665418,75
8,"June 20, 2022",236636,20553,20913,19689,20600,30818458597,392888024959,4874701600,81
9,"June 19, 2022",199777,19011,20684,18067,20553,35329942625,391988917194,4106016681,95
10,"June 18, 2022",247890,20473,20736,17709,19018,42009436760,362685324229,4714372020,77
11,"June 17, 2022",251574,20386,21243,20327,20471,27132421514,390391528176,5149971354,76
12,"June 16, 2022",251253,22576,22869,20265,20382,31183975654,388664840557,5121038646,76
13,"June 15, 2022",296312,22197,22643,20178,22573,54912007015,430432160006,6688650776,64
14,"June 14, 2022",283231,22488,23019,20951,22207,50913575242,423429131864,6289710817,67
15,"June 13, 2022",272503,26738,26796,22141,22487,68204556440,428759852105,6127774961,70
16,"June 12, 2022",215473,28374,28503,26763,26763,34163220274,510252464821,5766703899,88
17,"June 11, 2022",230002,29085,29402,28236,28361,27246574439,540698499860,6523086722,83
18,"June 10, 2022",261856,30110,30246,28978,29084,29867476527,554455834486,7615819904,73
19,"June 09, 2022",262105,30215,30609,30020,30112,21692004719,574029141739,7892505760,73
20,"June 08, 2022",261597,31151,31254,29944,30214,30242059107,575953219488,7903891758,73
21,"June 07, 2022",263641,31372,31490,29312,31155,40770974039,593857882017,8213735355,72
22,"June 06, 2022",268921,29910,31693,29894,31371,31947336829,597927548347,8436320691,71
23,"June 05, 2022",201341,29835,30118,29574,29907,17264085441,569996838237,6021505287,95
24,"June 04, 2022",218629,29706,29931,29500,29833,16588370958,568564420350,6522358957,87
25,"June 03, 2022",267517,30468,30633,29376,29704,26175547452,566088081691,7946324968,71
26,"June 02, 2022",264901,29795,30605,29653,30467,29083562061,580603466872,8070738767,72
27,"June 01, 2022",272165,31793,31957,29502,29799,41135817341,567842680886,8110244835,70
28,"May 31, 2022",276273,31724,32250,31286,31792,33538210634,605797887876,8783271216,69
29,"May 30, 2022",271819,29443,31950,29304,31726,39277993274,604513442526,8623729594,70
30,"May 29, 2022",207859,29020,29498,28841,29446,18093886409,561034743433,6120616114,92
31,"May 28, 2022",226794,28842,29136,28555,29023,19252320708,552958193308,6582242262,84
32,"May 27, 2022",270453,29251,29347,28327,28628,36582005748,545388222664,7742528484,70
33,"May 26, 2022",262367,29565,29834,28262,29267,36774325352,557547946793,7678694989,73
34,"May 25, 2022",288842,29653,30158,29385,29562,27525063551,563145244692,8538747204,66
35,"May 24, 2022",235866,29101,29774,28787,29656,26616506245,564895173841,6994842096,81
36,"May 23, 2022",265106,30309,30591,28976,29099,31483454557,554268758109,7714319494,72
37,"May 22, 2022",209047,29432,30426,29275,30324,21631532270,577568895836,6339141228,91
38,"May 21, 2022",225225,29200,29589,29027,29432,17274840442,560565793082,6628822200,85
39,"May 20, 2022",267034,30311,30665,28794,29201,30749382605,556131920269,7797659834,71
40,"May 19, 2022",262479,28720,30431,28709,30314,33773447707,577316228899,7956788406,73
41,"May 18, 2022",262907,30424,30619,28720,28720,31285268319,546936441380,7550689040,72
42,"May 17, 2022",278496,29862,30694,29570,30426,29101473475,579391415566,8473519296,68
43,"May 16, 2022",272134,31304,31305,29252,29863,32613897286,568643328349,8126737642,70
44,"May 15, 2022",235433,30099,31308,29528,31305,25835372065,596074575228,7370230065,81
45,"May 14, 2022",290225,29286,30193,28703,30101,28579868620,573129618195,8736062725,66
46,"May 13, 2022",269880,29031,30925,28782,29283,42841124537,557525025253,7902896040,71
47,"May 12, 2022",274204,28937,30032,26350,29048,66989173272,553017241735,7965077792,69
48,"May 11, 2022",262683,31016,32013,28170,28936,70388855818,550870071634,7600995288,72
49,"May 10, 2022",279658,30274,32596,29945,31023,59811038817,590565398299,8675830134,68
50,"May 09, 2022",279511,34060,34222,30297,30297,63355494961,576716899023,8468344767,68
51,"May 08, 2022",233892,35503,35503,33879,34059,36763041910,648302121215,7966127628,81
52,"May 07, 2022",231623,36042,36130,34941,35502,24375896406,675729532874,8223079746,82
53,"May 06, 2022",286887,36573,36624,35482,36041,37795577489,685953792236,10339694367,66
54,"May 05, 2022",315759,39696,39789,35857,36575,43106256317,696088266356,11548885425,60
55,"May 04, 2022",233045,37748,39903,37732,39698,36754404490,755491473700,9251420410,82
56,"May 03, 2022",277895,38528,38630,37586,37750,27326943244,718385701943,10490536250,68
57,"May 02, 2022",272206,38472,39075,38157,38529,32922642426,733170725791,10487824974,70
58,"May 01, 2022",232322,37713,38628,37586,38469,27002760110,731986764312,8937195018,82
59,"April 30, 2022",261630,38606,38771,37698,37715,23895713731,717596901509,9867375450,73
60,"April 29, 2022",286563,39769,39887,38236,38610,30882994649,734589762490,11064197430,66
61,"April 28, 2022",275765,39241,40269,38941,39774,33903704907,756698317682,10968277110,69
62,"April 27, 2022",287105,38120,39398,37997,39241,30981015184,746531438329,11266287305,66
63,"April 26, 2022",273297,40448,40714,37885,38117,34569088416,725113482674,10417261749,70
64,"April 25, 2022",277417,39473,40492,38338,40458,35445730570,769607056243,11223736986,69
65,"April 24, 2022",221992,39478,39846,39234,39469,17964398167,750755023764,8761802248,86
66,"April 23, 2022",234978,39739,39936,39352,39487,16138021249,751045477435,9278576286,81
67,"April 22, 2022",260930,40526,40778,39315,39740,28011716745,755827581233,10369358200,73
68,"April 21, 2022",282438,41372,42894,40064,40527,35372786395,770762297843,11446364826,67
69,"April 20, 2022",285655,41502,42126,40961,41374,27819532341,786828424699,11818689970,67
70,"April 19, 2022",273168,40828,41673,40619,41503,25303206547,789227424713,11337291504,70
71,"April 18, 2022",246421,39721,40986,38696,40826,33705182072,776330593866,10060383746,77
72,"April 17, 2022",207324,40418,40571,39621,39717,19087633042,755201997823,8234287308,92
73,"April 16, 2022",225486,40552,40634,40078,40424,16833150693,768615440640,9115046064,84
74,"April 15, 2022",254831,39939,40618,39867,40553,21756855753,771033872659,10334161543,75
75,"April 14, 2022",265537,41160,41451,39696,39936,24342001973,759245303311,10604485632,72
76,"April 13, 2022",276968,40124,41430,39713,41167,27691105228,782617115810,11401941656,69
77,"April 12, 2022",278839,39534,40618,39388,40127,30991500854,762819737794,11188972553,68
78,"April 11, 2022",276623,42201,42425,39373,39522,33949912166,751274786459,10932694206,69
79,"April 10, 2022",216446,42781,43376,42021,42208,17654475582,802293412897,9135752768,88
80,"April 09, 2022",232792,42282,42787,42183,42782,16050772496,813175789802,9959307344,82
81,"April 08, 2022",266805,43505,43903,42183,42288,27215995394,803736501494,11282649840,71
82,"April 07, 2022",269404,43208,43861,42900,43504,26101973106,826814841543,11720151616,71
83,"April 06, 2022",273640,45544,45544,43194,43207,39393395788,821131605927,11823163480,69
84,"April 05, 2022",273430,46625,47106,45545,45556,29640604055,865734982991,12456377080,70
85,"April 04, 2022",275106,46445,46791,45236,46623,32499785455,885964854050,12826267038,69
86,"April 03, 2022",225564,45859,47313,45634,46454,25414397610,882703992271,10478350056,84
87,"April 02, 2022",254442,46286,47028,45783,45869,29336594194,871556728553,11671000098,75
88,"April 01, 2022",284105,45554,46616,44403,46282,38162644287,879359612625,13148947610,67
89,"March 31, 2022",279210,47062,47512,45391,45539,33327427106,865202119216,12714944190,68
90,"March 30, 2022",272864,47457,47655,46746,47063,29333883962,894116777852,12841798432,70
91,"March 29, 2022",286940,47100,48022,47100,47466,31397059069,901733146417,13619894040,66
92,"March 28, 2022",293304,46822,48087,46690,47128,36362175703,895273041065,13822830912,65
93,"March 27, 2022",218202,44505,46828,44437,46820,28160889722,889385706663,10216217640,87
94,"March 26, 2022",231031,44350,44736,44166,44501,16950455995,845283757076,10281110531,82
95,"March 25, 2022",290719,43965,44999,43706,44349,30574413034,842351457245,12893096931,65
96,"March 24, 2022",262987,42887,44132,42726,43961,31042992291,834943671214,11561171507,72
97,"March 23, 2022",264182,42364,42894,41878,42893,25242943069,814620088889,11331558526,72
98,"March 22, 2022",264569,41074,43125,40948,42359,32004652376,804437952236,11206878271,72
99,"March 21, 2022",259912,41246,41454,40668,41078,24615543271,780074755650,10676665136,73
100,"March 20, 2022",210547,42191,42241,41005,41248,20127946682,783260570384,8684642656,90
101,"March 19, 2022",242424,41795,42317,41603,42191,19664853187,801124017583,10228110984,78
102,"March 18, 2022",261318,40945,42196,40302,41801,34421564942,793688176484,10923353718,73
103,"March 17, 2022",278800,41141,41288,40663,40951,22009601093,777515183730,11417138800,68
104,"March 16, 2022",276390,39336,41465,39022,41144,39616916192,781131586213,11371790160,69
105,"March 15, 2022",263178,39664,39795,38310,39339,23934000868,746821744421,10353159342,72
106,"March 14, 2022",259592,37846,39742,37681,39667,24322159070,753013859090,10297235864,73
107,"March 13, 2022",208092,38885,39209,37728,37850,17300745310,718481905386,7876282200,91
108,"March 12, 2022",225148,38794,39309,38773,38904,14616450657,738459914964,8759157792,84
109,"March 11, 2022",252383,39440,40082,38347,38795,26364890465,736353069777,9791198485,75
110,"March 10, 2022",261553,41974,42005,38833,39437,31078064711,748513363763,10314865661,73
111,"March 09, 2022",272805,38743,42466,38706,41983,32284121034,796787661849,11453172315,70
112,"March 08, 2022",255771,38060,39304,37957,38737,25776583476,735156346355,9907801227,74
113,"March 07, 2022",255441,38429,39430,37260,38062,28546143503,722305696828,9722595342,74
114,"March 06, 2022",207116,39404,39640,38212,38420,19745229902,729062407067,7957396720,92
115,"March 05, 2022",225321,39148,39566,38777,39401,16975917450,747638613405,8877872721,84
116,"March 04, 2022",262101,42458,42480,38806,39138,28516271427,742617908335,10258108938,72
117,"March 03, 2022",268244,43925,44022,41915,42452,24967782593,805466458785,11387494288,71
118,"March 02, 2022",288657,44358,45078,43433,43924,29183112630,833361543695,12678970068,66
119,"March 01, 2022",280634,43194,44794,42953,44355,32479047645,841491170716,12447521070,68
120,"February 28, 2022",270918,37706,43760,37518,43193,35690014104,819414782676,11701761174,70
121,"February 27, 2022",211164,39099,39779,37269,37710,23450127612,715351995828,7962994440,90
122,"February 26, 2022",220423,39213,40005,38703,39105,17467554129,741789694059,8619641415,86
123,"February 25, 2022",260340,38334,39630,38111,39214,26545599159,743827806938,10208972760,73
124,"February 24, 2022",254139,37279,38969,34459,38333,46383802093,727072550320,9741910287,75
125,"February 23, 2022",251275,38285,39122,37202,37297,21849073843,707390766255,9371803675,75
126,"February 22, 2022",260265,37069,38360,36489,38286,25493150450,726121533658,9964505790,73
127,"February 21, 2022",237402,38423,39394,36950,37075,29280402798,703124071472,8801679150,80
128,"February 20, 2022",200535,40118,40120,38113,38431,18340576452,728812385562,7706760585,95
129,"February 19, 2022",220673,40026,40419,39713,40122,13736557863,760839429984,8853842106,86
130,"February 18, 2022",261055,40552,40929,39638,40031,23310007704,759074084514,10450292705,73
131,"February 17, 2022",255573,43937,44133,40249,40538,26246662813,768654436207,10360418274,74
132,"February 16, 2022",266788,44578,44578,43457,43962,19792547657,833531932920,11728534056,71
133,"February 15, 2022",273623,42586,44667,42491,44575,22721659051,845117683687,12196745225,69
134,"February 14, 2022",247592,42157,42776,41682,42587,20827783012,807375855006,10544200504,77
135,"February 13, 2022",208977,42237,42693,41951,42198,14741589015,799950408997,8818411446,91
136,"February 12, 2022",228189,42412,42993,41853,42244,18152390304,800797790301,9639616116,83
137,"February 11, 2022",258595,43571,43811,42115,42408,26954925781,803848273503,10966496760,73
138,"February 10, 2022",260813,44348,45661,43403,43565,32142048537,825745116530,11362318345,73
139,"February 09, 2022",265804,44097,44728,43233,44339,23245887300,840369284541,11785483556,71
140,"February 08, 2022",276850,43855,45294,42808,44118,33079398868,836154543908,12214068300,68
141,"February 07, 2022",262034,42407,44402,41748,43840,28641855926,830838884165,11487570560,72
142,"February 06, 2022",219196,41441,42501,41245,42412,16142097334,803744511638,9296540752,86
143,"February 05, 2022",258646,41501,41847,41038,41441,19652846215,785297889648,10718548886,73
144,"February 04, 2022",247946,37149,41528,37094,41501,29412210792,786396684548,10290006946,76
145,"February 03, 2022",265344,36945,37155,36376,37155,18591534769,704010232687,9858856320,71
146,"February 02, 2022",278985,38744,38835,36833,36953,19155189416,700155817836,10309332705,68
147,"February 01, 2022",272984,38482,39115,38114,38743,20288500328,734039224255,10576219112,69
148,"January 31, 2022",263410,37920,38647,36734,38483,20734730465,729073641688,10136807030,72
149,"January 30, 2022",207173,38152,38266,37438,37918,14643548444,718325967803,7855585814,91
150,"January 29, 2022",231038,37781,38576,37406,38138,17194183075,722469136410,8811327244,82
151,"January 28, 2022",264609,37128,37953,36211,37784,22238830523,715731622071,9997986456,72
152,"January 27, 2022",255925,36842,37148,35629,37138,25041426629,703456873493,9504542650,74
153,"January 26, 2022",261070,36951,38825,36375,36852,31324598034,698006361956,9620951640,73
154,"January 25, 2022",265128,36655,37445,35779,36954,26428189594,699907393886,9797540112,71
155,"January 24, 2022",270712,36276,37248,33184,36654,41856658597,694196560317,9922677648,70
156,"January 23, 2022",203986,35047,36433,34785,36277,26017975951,687012848062,7400000122,93
157,"January 22, 2022",250294,36472,36689,34349,35030,39714385405,663374008017,8767798820,76
158,"January 21, 2022",272348,40700,41061,35791,36457,43011992031,690368973093,9928991036,70
159,"January 20, 2022",271265,41744,43413,40673,40680,20382033940,770304579439,11035060200,70
160,"January 19, 2022",270334,42374,42478,41243,41744,23091543258,790406427118,11284822496,70
161,"January 18, 2022",265057,42250,42534,41392,42376,22417209227,802313747480,11232055432,71
162,"January 17, 2022",258141,43118,43179,41680,42251,21690904261,799910089279,10906715391,73
163,"January 16, 2022",216151,43172,43437,42691,43114,17902097845,816211499221,9319134214,88
164,"January 15, 2022",234373,43102,43725,42669,43177,18371348298,817364571824,10119523021,81
165,"January 14, 2022",270882,42599,43347,41983,43100,23577403399,815850639036,11675014200,70
166,"January 13, 2022",274515,43947,44278,42447,42592,47691135082,806189762638,11692142880,69
167,"January 12, 2022",271933,42742,44135,42529,43949,33499938689,831836978396,11951183417,70
168,"January 11, 2022",277698,41820,43001,41408,42736,26327648900,808834801011,11867701728,68
169,"January 10, 2022",266743,41910,42199,39797,41821,32104232331,791484886194,11155459003,71
170,"January 09, 2022",210143,41735,42664,41338,41912,21294384372,793156354744,8807513416,90
171,"January 08, 2022",223920,41561,42229,40672,41734,28066355845,789758782727,9345077280,85
172,"January 07, 2022",255381,43154,43154,41077,41558,84196607520,786389774194,10613123598,74
173,"January 06, 2022",264899,43566,43749,42646,43161,30208048289,816685390313,11433305739,71
174,"January 05, 2022",272155,45899,46929,42798,43569,36851084859,824368284530,11857521195,70
175,"January 04, 2022",274544,46459,47407,45752,45898,42494677905,868383282082,12601020512,69
176,"January 03, 2022",234793,47344,47511,45836,46458,33071628362,878946596803,10908013194,81
177,"January 02, 2022",196865,47681,47881,46857,47345,27951569547,895688387523,9320573425,96
178,"January 01, 2022",186834,46312,47827,46288,47687,24582667004,902104193385,8909552958,101
179,"December 31, 2021",269540,47169,48473,45820,46306,36974172400,875939356679,12481319240,70
180,"December 30, 2021",245021,46491,47880,46060,47178,26686491018,892386327929,11559600738,77
181,"December 29, 2021",276083,47624,48120,46201,46445,30049226299,878478755242,12822674935,69
182,"December 28, 2021",265422,50680,50680,47414,47589,33430376883,900076230597,12631167558,71
183,"December 27, 2021",249548,50803,51956,50499,50640,24324345758,957746390396,12637110720,76
184,"December 26, 2021",198574,50429,51196,49623,50810,20964372926,960899995735,10089544940,95
185,"December 25, 2021",207803,50855,51177,50237,50430,19030650914,953678082633,10479505290,91
186,"December 24, 2021",260565,50806,51814,50514,50822,24367912228,961051547919,13242434430,73
187,"December 23, 2021",291799,48626,51332,48066,50785,28223878108,960290825000,14819012215,65
188,"December 22, 2021",288495,48937,49545,48451,48629,24447979559,919476035254,14029223355,66
189,"December 21, 2021",304713,46886,49301,46699,48937,27055803928,925255868119,14911740081,62
190,"December 20, 2021",266947,46707,47402,45580,46880,30961902129,886331446165,12514475360,71
191,"December 19, 2021",206719,46854,48090,46503,46707,25154053861,883011296030,9655224333,91
192,"December 18, 2021",239170,46219,47314,45598,46849,26098292690,885650029984,11204875330,79
193,"December 17, 2021",263495,47654,48005,45618,46202,32902725329,873389147689,12173995990,72
194,"December 16, 2021",256206,48900,49426,47530,47665,27268150947,901005821508,12212058990,74
195,"December 15, 2021",281103,48380,49474,46672,48897,36541828520,924244252417,13745093391,67
196,"December 14, 2021",278275,46710,48431,46424,46613,34638619079,881018067731,12971232575,68
197,"December 13, 2021",278211,50115,50205,45895,46737,32166727776,883345705454,13002747507,68
198,"December 12, 2021",214808,49355,50725,48726,50098,21939223599,946823114555,10761451184,88
199,"December 11, 2021",225733,47265,49458,46942,49363,25775869261,932873019896,11142858079,84
200,"December 10, 2021",271375,47642,50015,47024,47243,30966005122,892777676312,12820569125,70
201,"December 09, 2021",282775,50450,50797,47358,47672,29603577251,900835068960,13480449800,67
202,"December 08, 2021",266110,50668,51171,48766,50505,28479699446,954312404511,13439885550,71
203,"December 07, 2021",288343,50582,51935,50176,50700,33676814852,957948940989,14618990100,66
204,"December 06, 2021",284467,49413,50930,47281,50583,37707308001,955680910792,14389194261,66
205,"December 05, 2021",215213,49202,49768,47858,49369,37198201161,932695365142,10624850597,88
206,"December 04, 2021",253674,53728,53905,42875,49201,61385677469,929467386770,12481014474,74
207,"December 03, 2021",290139,56509,57482,52497,53598,39789134215,1012490599979,15550870122,65
208,"December 02, 2021",313261,57217,57349,55895,56478,32379968686,1066829261574,17692354758,60
209,"December 01, 2021",288422,56908,59042,56553,57230,36858195307,1080977744339,16506391060,65
210,"November 30, 2021",293876,57830,59113,56057,57005,36708594618,1076689232562,16752401380,64
211,"November 29, 2021",301297,57292,58873,56793,57807,32370840356,1091773828974,17417075679,63
212,"November 28, 2021",213768,54813,57394,53577,57248,28116886357,1081180416262,12237790464,88
213,"November 27, 2021",240759,53736,55329,53668,54815,30560857714,1035176249679,13197204585,78
214,"November 26, 2021",292645,58960,59183,53570,53570,41810748221,1011613083342,15676992650,65
215,"November 25, 2021",287496,57165,59368,57147,57275,34284016248,1081500188674,16466333400,66
216,"November 24, 2021",298909,57566,57803,55964,56280,36635566789,1062661698465,16822598520,63
217,"November 23, 2021",283401,56305,57876,55633,57569,37485803899,1086985075773,16315112169,67
218,"November 22, 2021",279165,58707,59266,55680,56289,35036121783,1062772703759,15713918685,68
219,"November 21, 2021",222949,59731,60004,58619,58730,26123447605,1108812311533,13093794770,85
220,"November 20, 2021",249652,58115,59860,57470,59697,30624264863,1127014430118,14903475444,76
221,"November 19, 2021",284719,56896,58351,55705,58120,38702407772,1097177697853,16547868280,66
222,"November 18, 2021",293867,60360,60948,56551,56942,41388338699,1074900976539,16733374714,64
223,"November 17, 2021",290390,60140,60824,58515,60368,39178392930,1139519389072,17530263520,65
224,"November 16, 2021",301103,63721,63721,59016,60161,46844335592,1135559300073,18114657583,63
225,"November 15, 2021",288435,65521,66282,63548,63558,30558763548,1199611097094,18332351730,65
226,"November 14, 2021",224016,64455,65495,63648,65467,25122092191,1235578996842,14665655472,84
227,"November 13, 2021",238634,64158,64916,63304,64470,30474228777,1216695126358,15384733980,79
228,"November 12, 2021",282049,64864,65461,62334,64156,36084893887,1210715199478,18095135644,67
229,"November 11, 2021",293665,64979,65579,64180,64950,35880633236,1225643127560,19073541750,64
230,"November 10, 2021",301025,66953,68790,63208,64995,48730828378,1226431510693,19565119875,63
231,"November 09, 2021",335411,67550,68530,66382,66972,42357991721,1263667113597,22463145492,56
232,"November 08, 2021",285806,63344,67674,63344,67567,41125608330,1274831490851,19311054002,66
233,"November 07, 2021",226128,61555,63327,61432,63327,24726754302,1194778776481,14320007856,83
234,"November 06, 2021",236233,61069,61591,60164,61527,29094934221,1160769349887,14534707791,80
235,"November 05, 2021",285946,61460,62541,60845,61126,30605102446,1153128571128,17478735196,66
236,"November 04, 2021",289141,62942,63123,60800,61452,32615846901,1159231375022,17768292732,65
237,"November 03, 2021",288746,63254,63517,61184,62970,36124731509,1187808286560,18182335620,65
238,"November 02, 2021",297402,60963,64243,60673,63226,37746665647,1192577136210,18803538852,63
239,"November 01, 2021",293282,61320,62419,59695,61004,36150572843,1150606762880,17891375128,64
240,"October 31, 2021",217435,61850,62406,60074,61319,32241199927,1156485845063,13332896765,87
241,"October 30, 2021",252061,62239,62330,60918,61889,32157938616,1167178054167,15599803229,75
242,"October 29, 2021",305733,60625,62928,60330,62228,36856881767,1173512442368,19025153124,62
243,"October 28, 2021",295558,58471,62129,58207,60622,45257083247,1143165999365,17917317076,64
244,"October 27, 2021",292114,60352,61435,58208,58482,43657076893,1102757767323,17083410948,65
245,"October 26, 2021",294029,63033,63229,59991,60364,34878965587,1138177770430,17748766556,64
246,"October 25, 2021",284680,60894,63729,60692,63040,31064911614,1188575312422,17946227200,66
247,"October 24, 2021",211220,61368,61506,59643,60931,27316183882,1148743134468,12869845820,89
248,"October 23, 2021",223941,60695,61744,59827,61394,26882546034,1157410091263,13748633754,84
249,"October 22, 2021",287550,62238,63715,60123,60692,38434082775,1144131483274,17451984600,66
250,"October 21, 2021",320743,66002,66601,62117,62210,45908121370,1172684282558,19953422030,59
251,"October 20, 2021",291813,64285,66930,63611,65993,40788955582,1243927428207,19257615309,65
252,"October 19, 2021",312018,62043,64435,61623,64262,40471196346,1211242526571,20050900716,60
253,"October 18, 2021",285368,61549,62615,60013,62026,38055562075,1169039169043,17700235568,66
254,"October 17, 2021",215883,60888,61646,59164,61554,29032367511,1160077513368,13288462182,87
255,"October 16, 2021",270052,61610,62274,60206,60892,34250964237,1147551202767,16444006384,70
256,"October 15, 2021",297746,57346,62757,56868,61594,51780081801,1160726409230,18339367124,63
257,"October 14, 2021",282383,57373,58479,56957,57322,36615791366,1080160001108,16186758326,67
258,"October 13, 2021",288916,56038,57689,54371,57401,41684252783,1081611750762,16584067316,65
259,"October 12, 2021",274155,57527,57628,54478,56041,41083758949,1055926265435,15363920355,69
260,"October 11, 2021",280184,54734,57793,54520,57485,42637331698,1083079138639,16106377240,67
261,"October 10, 2021",211506,54953,56401,54264,54772,39527792364,1031909532688,11584606632,89
262,"October 09, 2021",246189,53930,55398,53735,54968,32491211414,1035558748272,13532516952,77
263,"October 08, 2021",280028,53802,55923,53688,53968,34800873924,1016664484566,15112551104,67
264,"October 07, 2021",325875,55339,55339,53525,53806,36807860413,1013573258668,17534030250,58
265,"October 06, 2021",267749,51487,55568,50488,55361,49034730168,1042827678808,14822852389,70
266,"October 05, 2021",312538,49175,51840,49073,51515,35873904236,970325310417,16100395070,60
267,"October 04, 2021",268955,48209,49457,47045,49113,33383173002,925033195574,13209186915,70
268,"October 03, 2021",218112,47680,49131,47157,48200,26638115879,907791525236,10512998400,86
269,"October 02, 2021",259961,48137,48282,47466,47711,30614346492,898547418743,12402999271,72
270,"October 01, 2021",277042,43817,48436,43320,48117,42850641582,906127699408,13330429914,68
271,"September 30, 2021",293074,41551,44093,41445,43791,31141681925,824619217608,12834003534,64
272,"September 29, 2021",241991,41065,42545,40830,41564,30602359905,782651228474,10058113924,78
273,"September 28, 2021",262292,42201,42775,40932,41035,30214940550,772639687709,10763152220,72
274,"September 27, 2021",255873,43234,44313,42191,42236,30980029059,795216175345,10807052028,74
275,"September 26, 2021",195560,42722,43919,40848,43209,30661222077,813490665613,8449952040,96
276,"September 25, 2021",212575,42841,42996,41760,42717,31604717236,804192450113,9080566275,89
277,"September 24, 2021",277565,44894,45080,40937,42840,42839345714,806470363647,11890884600,68
278,"September 23, 2021",268689,43560,44942,43109,44895,34244064430,845122403460,12062792655,70
279,"September 22, 2021",275235,40678,43979,40626,43575,38139709246,820218503579,11993365125,68
280,"September 21, 2021",244568,43012,43608,39788,40694,48701090088,765958488767,9952450192,77
281,"September 20, 2021",270233,47261,47328,42599,42844,43909845642,806395852718,11577862652,70
282,"September 19, 2021",200516,48269,48328,46920,47260,26967722648,889472404520,9476386160,94
283,"September 18, 2021",227661,47274,48792,47087,48278,28575630451,908584317849,10991017758,83
284,"September 17, 2021",271040,47771,48161,46833,47268,28727713711,889514744351,12811518720,69
285,"September 16, 2021",271223,48159,48487,47080,47783,31764293754,899179151780,12959848609,69
286,"September 15, 2021",268957,47098,48450,46773,48176,30484496466,906532479371,12957272432,70
287,"September 14, 2021",268127,44960,47218,44752,47092,38652152880,886095283701,12626636684,70
288,"September 13, 2021",255970,46057,46599,43591,44963,40969943253,845980481365,11509179110,74
289,"September 12, 2021",192691,45207,46365,44790,46063,27881980161,866636671662,8875925533,98
290,"September 11, 2021",218445,44870,45969,44818,45201,34499835245,850381828071,9873932445,86
291,"September 10, 2021",261371,46397,47032,44344,44884,39154666597,844367023727,11731375964,72
292,"September 09, 2021",274384,45775,47262,45670,46391,38672657013,872686454372,12728948144,69
293,"September 08, 2021",270483,46828,47334,44561,46091,49007762488,867002908109,12466831953,70
294,"September 07, 2021",276624,52660,52854,43285,46811,65210059683,880498621998,12949046064,68
295,"September 06, 2021",268877,51769,52701,51054,52634,38884105426,989965076456,14152072018,70
296,"September 05, 2021",205066,49938,51869,49539,51753,30322676319,973354882473,10612780698,92
297,"September 04, 2021",227732,50009,50546,49549,49945,37471327794,939286123133,11374074740,83
298,"September 03, 2021",283991,49288,50982,48386,50025,43206179619,940757184680,14206649775,66
299,"September 02, 2021",289900,48808,50343,48652,49328,39508070319,927590865738,14300187200,65
300,"September 01, 2021",280865,47100,49111,46562,48847,39139399125,918501510157,13719412655,67
301,"August 31, 2021",271163,47024,48190,46750,47167,34730363427,886869903603,12789945221,69
302,"August 30, 2021",250955,48835,48926,46950,47055,31847007016,884727824089,11808687525,75
303,"August 29, 2021",191650,48911,49644,47926,48830,25889650240,918057300166,9358269500,98
304,"August 28, 2021",218268,49073,49284,48499,48902,28568103401,919372790254,10673741736,86
305,"August 27, 2021",256813,46895,49113,46394,49059,34511076995,922265559164,12598988967,73
306,"August 26, 2021",258590,49003,49348,46406,46942,32666549568,882436522913,12138731780,73
307,"August 25, 2021",263009,47727,49203,47164,48961,32646349931,920337950861,12877183649,71
308,"August 24, 2021",263984,49562,49879,47687,47706,35361168834,896704765697,12593620704,71
309,"August 23, 2021",270736,49292,50482,49075,49546,34305053719,931244272409,13413885856,69
310,"August 22, 2021",190631,48869,49472,48200,49322,25370975378,926961622395,9402302182,99
311,"August 21, 2021",219407,49327,49717,48312,48905,40585205312,919092181743,10730099335,86
312,"August 20, 2021",271837,46723,49342,46651,49339,34706867452,927189789032,13412165743,69
313,"August 19, 2021",253447,44742,46971,43998,46718,37204312299,877875534875,11840536946,74
314,"August 18, 2021",247333,44687,45952,44364,44801,32194123075,841823296233,11080765733,76
315,"August 17, 2021",257766,45936,47140,44512,44695,33451362600,839796717683,11520851370,73
316,"August 16, 2021",263529,47020,47998,45700,46004,32776876610,864345726183,12123388116,71
317,"August 15, 2021",186239,47097,47357,45580,47047,30988958446,883882942188,8761986233,101
318,"August 14, 2021",209074,47811,48099,46178,47097,31211354442,884769956069,9846758178,90
319,"August 13, 2021",260624,44440,47832,44282,47793,31744259539,897802604441,12456002832,72
320,"August 12, 2021",250961,45577,46229,43861,44428,33723620826,834546790666,11149695308,75
321,"August 11, 2021",262437,45600,46736,45352,45594,34319709073,856398622622,11965552578,72
322,"August 10, 2021",260968,46281,46638,44706,45585,33546019517,856195142352,11896226280,72
323,"August 09, 2021",252660,43792,46457,42849,46365,38734079049,870805373889,11714580900,74
324,"August 08, 2021",191623,44574,45282,43332,43798,36302664750,822545074286,8392704154,98
325,"August 07, 2021",212229,42833,44690,42619,44556,40030862141,836730623772,9456075324,88
326,"August 06, 2021",260810,40866,43272,39932,42816,38226483046,804022903682,11166840960,72
327,"August 05, 2021",246175,39745,41342,37458,40870,35185031017,767423192906,10061172250,76
328,"August 04, 2021",239596,38213,39952,37589,39748,25372562724,746313542791,9523461808,78
329,"August 03, 2021",246198,39178,39750,37782,38153,26189830450,716341544145,9393192294,76
330,"August 02, 2021",239277,39907,40419,38746,39202,25595265436,735995665489,9380136954,78
331,"August 01, 2021",185157,41461,42542,39541,39975,26688438115,750472428208,7401651075,101
332,"July 31, 2021",207348,42196,42231,41111,41626,25802845343,781431379811,8631067848,91
333,"July 30, 2021",255417,40027,42236,38397,42236,33072782960,792829863258,10787792412,73
334,"July 29, 2021",262612,39995,40593,39352,40008,27167146027,750980784072,10506580896,71
335,"July 28, 2021",251223,39503,40816,38862,39996,38702404695,750706646107,10047915108,75
336,"July 27, 2021",255221,37276,39407,36442,39407,35097370560,739612127373,10057493947,74
337,"July 26, 2021",261950,35384,40500,35287,37338,51022126212,700734471386,9780689100,72
338,"July 25, 2021",174535,34290,35365,33882,35350,20856685287,663401935103,6169812250,108
339,"July 24, 2021",198091,33594,34490,33425,34292,21664706865,643518528651,6792936572,95
340,"July 23, 2021",231130,32306,33582,32058,33582,22552046192,630147722704,7761807660,81
341,"July 22, 2021",230282,32139,32576,31745,32313,19555230518,606316858335,7441102266,81
342,"July 21, 2021",235680,29796,32752,29526,32111,28203024559,602489309202,7567920480,80
343,"July 20, 2021",230509,30838,31006,29361,29807,23148267245,559244324356,6870781763,81
344,"July 19, 2021",226803,31800,31886,30564,30818,20434789545,578178147283,6989614854,83
345,"July 18, 2021",161122,31534,32399,31215,31797,18787986667,596513309277,5123196234,116
346,"July 17, 2021",182047,31397,31936,31224,31533,18895018942,591536476392,5740488051,103
347,"July 16, 2021",223466,31842,32218,31101,31422,23699476918,589415807378,7021748652,84
348,"July 15, 2021",226234,32828,33160,31176,31781,21300524237,596124462729,7189942754,83
349,"July 14, 2021",236217,32724,33061,31639,32822,21376531210,615635042692,7753114374,79
350,"July 13, 2021",229916,33125,33327,32261,32702,19120856669,613343664760,7518713032,82
351,"July 12, 2021",220269,34254,34592,32697,33156,24321499537,621827984940,7303238964,85
352,"July 11, 2021",166144,33509,34585,33347,34240,20108729370,642138104626,5688770560,113
353,"July 10, 2021",187263,33811,34209,33116,33521,22971873468,628615338753,6277243023,100
354,"July 09, 2021",227511,32862,34042,32319,33798,27436021028,633784072787,7689416778,82
355,"July 08, 2021",230719,33890,33908,32133,32877,29910396946,616492852697,7585348563,81
356,"July 07, 2021",221227,34226,34998,33839,33855,24796027477,634802817185,7489640085,85
357,"July 06, 2021",228279,33724,35039,33600,34235,26501259870,641899161594,7815131565,82
358,"July 05, 2021",223760,35284,35284,33214,33746,26721554282,632696207200,7551004960,84
359,"July 04, 2021",171850,34666,35938,34396,35288,24924307911,661574836315,6064242800,109
360,"July 03, 2021",237463,33854,34909,33403,34669,24383958643,649939701346,8232604747,79
361,"July 02, 2021",188568,33550,33940,32771,33897,38728974942,635450784106,6391889496,99
362,"July 01, 2021",230253,35036,35036,32884,33572,37838957079,629339325298,7730053716,81
363,"June 30, 2021",218734,35908,36075,34086,35041,34059036099,656852513238,7664658094,86
364,"June 29, 2021",205616,34476,36542,34252,35868,37901460044,672333423402,7375034688,91
365,"June 28, 2021",217898,34679,35220,33902,34434,33892523752,645442759493,7503099732,86
366,"June 27, 2021",124640,32288,34656,32072,34650,35511640894,649461677014,4318776000,150
367,"June 26, 2021",181628,31595,32638,30184,32186,38585385521,603276028309,5845878808,103
368,"June 25, 2021",218245,34659,35487,31351,31638,40230904226,592978211189,6904835310,86
369,"June 24, 2021",233278,33683,35229,32385,34662,33123368116,649643997441,8085882036,80
370,"June 23, 2021",232704,32516,34753,31773,33723,46317108925,632011278436,7847476992,81
371,"June 22, 2021",196523,31622,33292,28894,32506,58964353058,609180639390,6388176638,95
372,"June 21, 2021",205050,35641,35722,31296,31677,52809038594,593627575887,6495368850,91
373,"June 20, 2021",167249,35563,36059,33432,35698,36664034054,668968868770,5970454802,112
374,"June 19, 2021",187042,35855,36458,34933,35616,31207279719,667400859261,6661687872,100
375,"June 18, 2021",222918,38099,38187,35256,35787,36200887275,670589444851,7977566466,84
376,"June 17, 2021",237725,38341,39514,37440,38054,37096670047,713025631758,9046387150,79
377,"June 16, 2021",252937,40169,40517,38176,38347,39211635100,718494773612,9699375139,74
378,"June 15, 2021",241861,40427,41295,39609,40406,46420149185,757029874725,9772635566,77
379,"June 14, 2021",242416,39017,40978,38757,40218,43148914673,753471062534,9749486688,77
380,"June 13, 2021",187098,35556,39323,34864,39098,40669112838,732465659892,7315157604,100
381,"June 12, 2021",222774,37340,37409,34728,35553,37924228550,666018173753,7920284022,84
382,"June 11, 2021",216502,36697,37609,36044,37334,38699736985,699368729838,8082885668,87
383,"June 10, 2021",252983,37390,38334,35848,36703,43576032854,687509421226,9285235049,74
384,"June 09, 2021",210911,33417,37537,32476,37345,53972919008,699516138698,7876471295,89
385,"June 08, 2021",246906,33590,34017,31114,33473,49902050442,626954944879,8264684538,76
386,"June 07, 2021",235479,35835,36791,33481,33561,33683936663,628572961759,7902910719,80
387,"June 06, 2021",185305,35539,36436,35305,35862,28913440585,671652557855,6645407910,101
388,"June 05, 2021",194580,36880,37918,34900,35552,35959473399,665804639833,6917708160,96
389,"June 04, 2021",236672,39242,39242,35718,36894,41831090187,690915072093,8731776768,79
390,"June 03, 2021",255621,37599,39479,37244,39209,35460750427,734224332239,10022643789,73
391,"June 02, 2021",250589,36700,38231,35966,37575,33070867190,703599671425,9415881675,75
392,"June 01, 2021",234561,37294,37897,35787,36685,34639423297,686891021225,8604870285,80
393,"May 31, 2021",226469,35659,37468,34242,37333,39009847639,698990486185,8454767177,83
394,"May 30, 2021",179795,34607,36401,33521,35678,31646080921,667976638398,6414726010,104
395,"May 29, 2021",198332,35684,37234,33694,34616,45231013335,648061013208,6865460512,94
396,"May 28, 2021",218311,38507,38857,34779,35698,55200191952,668283930067,7793266078,86
397,"May 27, 2021",214035,39317,40380,37248,38437,43210968721,719538129128,8226863295,87
398,"May 26, 2021",230753,38393,40782,37906,39294,51346735160,735556411166,9067208382,81
399,"May 25, 2021",233644,38796,39776,36581,38402,56211915803,718829377408,8972396888,80
400,"May 24, 2021",234755,34700,39835,34551,38706,67359584098,724332072424,9086427030,80
401,"May 23, 2021",194320,37531,38289,31227,34771,78469274361,650686270744,6756700720,96
402,"May 22, 2021",223800,37371,38831,35384,37537,57377273240,702449253648,8400780600,84
403,"May 21, 2021",226351,40597,42172,33616,37305,82051616861,698108789817,8444024055,83
404,"May 20, 2021",228039,36754,42463,35051,40783,88281943359,763195929022,9300114537,82
405,"May 19, 2021",263419,42945,43546,30682,37002,126358098747,692452570147,9747029838,71
406,"May 18, 2021",221018,43488,45812,42368,42909,56187365084,802974346863,9483661362,85
407,"May 17, 2021",250910,46416,46624,42207,43538,74903638450,814701646509,10924119580,75
408,"May 16, 2021",219435,46717,49720,43963,46456,64047871555,869279076502,10194072360,85
409,"May 15, 2021",232099,49855,50640,46664,46760,59161047474,874931019742,10852949240,81
410,"May 14, 2021",266055,49683,51438,48869,49881,55737497453,933276901265,13271089455,70
411,"May 13, 2021",276472,49735,51331,46980,49716,96721152926,930161010060,13745081952,68
412,"May 12, 2021",300452,56715,57939,49151,49151,75215403907,919527847950,14767516252,62
413,"May 11, 2021",312115,55847,56873,54609,56705,61308396325,1060790877192,17698481075,60
414,"May 10, 2021",303297,58251,59519,54071,55860,71776546298,1044927337818,16942170420,62
415,"May 09, 2021",247866,58877,59211,56482,58232,65906690347,1089244557676,14433732912,75
416,"May 08, 2021",274691,57353,59465,56975,58804,65382980634,1099863941004,16152929564,68
417,"May 07, 2021",307988,56414,58607,55322,57356,68434023376,1072727435210,17664959728,61
418,"May 06, 2021",311380,57441,58363,55383,56397,69523285106,1054714918675,17560897860,60
419,"May 05, 2021",309774,53252,57911,52969,57424,69241316747,1073873012867,17788462176,60
420,"May 04, 2021",300824,57214,57214,53191,53334,68564706967,997324142593,16044147216,62
421,"May 03, 2021",287007,56620,58973,56591,57200,51713139031,1069563935453,16416800400,65
422,"May 02, 2021",235214,57826,57903,56142,56631,38177405335,1058862005057,13320404034,79
423,"May 01, 2021",262991,57715,58448,57052,57828,42836427360,1081174515343,15208243548,71
424,"April 30, 2021",289389,53569,57901,53130,57750,52395931985,1079669884320,16712214750,65
425,"April 29, 2021",259465,54858,55116,52418,53555,46088929780,1001193634072,13895648075,72
426,"April 28, 2021",277126,55037,56227,53888,54825,48000572955,1024888208734,15193432950,67
427,"April 27, 2021",298109,54030,55417,53319,55033,49448222757,1028733359592,16405832597,63
428,"April 26, 2021",240687,49078,54288,48853,54022,58284039825,1009780042661,13002393114,78
429,"April 25, 2021",241041,50053,50506,47159,49004,46117114240,915955943256,11811973164,78
430,"April 24, 2021",290690,51143,51168,48805,50051,49014494781,935471648213,14549325190,64
431,"April 23, 2021",295731,51740,52121,47715,51094,86668667320,954919230092,15110079714,63
432,"April 22, 2021",274610,53857,55410,50584,51762,74798630778,967372472375,14214362820,68
433,"April 21, 2021",226021,56471,56758,53695,53906,54926612466,1007389534360,12183888026,83
434,"April 20, 2021",279977,55682,57062,53448,56473,67849323955,1055323526514,15811141121,67
435,"April 19, 2021",208413,56192,57520,54369,55724,65344865159,1041287672154,11613606012,90
436,"April 18, 2021",274735,60702,61057,52830,56216,97468872758,1050445401610,15444502760,68
437,"April 17, 2021",194580,61530,62572,60361,60684,66138759198,1133882479237,11807892720,96
438,"April 16, 2021",219704,63259,63595,60223,61573,84293007468,1150457156740,13527834392,85
439,"April 15, 2021",359440,63075,63822,62209,63314,60954381579,1182945492744,22757584160,52
440,"April 14, 2021",297494,63524,64863,61555,63110,77451779687,1179061093980,18774846340,63
441,"April 13, 2021",310213,59890,63742,59870,63503,69983454362,1186364044140,19699456139,60
442,"April 12, 2021",291369,60176,61253,59590,59893,51828688519,1118871072069,17450963517,64
443,"April 11, 2021",253449,59846,60791,59290,60205,46280252580,1124635848775,15258897045,74
444,"April 10, 2021",299086,58254,61277,58039,59793,58238470525,1116889802872,17883249198,62
445,"April 09, 2021",324720,58327,58937,57808,58245,46655208546,1087911057870,18913316400,58
446,"April 08, 2021",278534,56100,58339,55879,58324,53053855641,1089334328139,16245217016,67
447,"April 07, 2021",321319,58187,58731,55604,56049,75645303584,1046793054753,18009608631,58
448,"April 06, 2021",309565,59172,59480,57647,58192,66058027988,1086769183295,18014206480,60
449,"April 05, 2021",289046,58761,59891,57695,59058,60706272115,1102880790089,17070478668,65
450,"April 04, 2021",246007,57605,58914,57169,58759,50749662970,1097232660348,14455125313,76
451,"April 03, 2021",281717,59397,60110,57604,57604,59641344484,1075617261180,16228026068,66
452,"April 02, 2021",305788,59099,60267,58869,59384,58727860620,1108813863083,18158914592,61
453,"April 01, 2021",311939,58927,59586,58505,59096,61669163792,1103377830758,18434347144,60
454,"March 31, 2021",332749,58930,59930,57726,58919,65520826225,1100016786763,19605238331,56
455,"March 30, 2021",321090,57750,59447,57252,58918,54414116432,1099939890804,18917980620,58
456,"March 29, 2021",303305,55948,58342,55139,57750,57625587027,1078088296477,17515863750,62
457,"March 28, 2021",286272,55975,56610,55071,55951,47686580918,1044446559059,16017204672,65
458,"March 27, 2021",293772,55138,56568,54243,55974,47266542233,1044814147412,16443593928,64
459,"March 26, 2021",320603,51683,55137,51580,55137,56652197978,1029150697411,17677087611,58
460,"March 25, 2021",301970,52727,53392,50857,51704,67999812841,965028762666,15613056880,62
461,"March 24, 2021",316848,54710,57262,52514,52774,70567223787,984948142898,16721336352,59
462,"March 23, 2021",295622,54512,55985,53471,54739,56435023914,1021563479682,16182052658,63
463,"March 22, 2021",240816,57518,58471,54288,54529,56521454974,1017595269117,13131455664,77
464,"March 21, 2021",281903,58310,58768,56006,57523,51943414539,1073417235408,16215906269,66
465,"March 20, 2021",315236,58332,60031,58213,58314,50361731222,1088105221978,18382672104,59
466,"March 19, 2021",336009,57850,59498,56644,58347,49063873786,1088666450746,19605117123,56
467,"March 18, 2021",290992,58893,60116,54254,57859,55746041000,1079511086884,16836506128,64
468,"March 17, 2021",320003,56826,58970,54529,58871,60258313191,1098337655327,18838896613,58
469,"March 16, 2021",295528,55841,56833,53555,56805,59749798599,1059745818423,16787468040,63
470,"March 15, 2021",305873,59267,60541,55393,55907,66419369890,1042946024860,17100441811,61
471,"March 14, 2021",276396,61221,61598,59302,59302,43901225564,1106226132525,16390835592,67
472,"March 13, 2021",320219,57343,61684,56218,61243,60669829814,1142369158667,19611172217,58
473,"March 12, 2021",293603,57821,57997,55377,57332,55689944702,1069366321844,16832847196,64
474,"March 11, 2021",342810,55963,58091,54485,57805,56772343595,1078135604118,19816132050,54
475,"March 10, 2021",299563,54824,57258,53291,56009,57295577614,1044580057477,16778224067,62
476,"March 09, 2021",294404,52273,54824,51982,54824,50912227385,1022439972862,16140404896,63
477,"March 08, 2021",259411,51174,52314,49506,52247,48597428048,974321883623,13553446517,72
478,"March 07, 2021",288225,48919,51384,48919,51207,43137459378,954880954585,14759137575,65
479,"March 06, 2021",315342,48899,49147,47258,48912,34363564661,912054166029,15424007904,59
480,"March 05, 2021",291094,48527,49396,46543,48927,48625928883,912285065720,14242356138,64
481,"March 04, 2021",333137,50522,51735,47657,48561,52343816680,905414104807,16177465857,56
482,"March 03, 2021",340865,48416,52535,48274,50538,53220811975,942236576905,17226635370,55
483,"March 02, 2021",278838,49612,50128,47229,48379,47530897720,901933683269,13489903602,67
484,"March 01, 2021",252630,45160,49784,45115,49631,53891300112,925235527882,12538279530,74
485,"February 28, 2021",322915,46194,46716,43242,45138,53443887451,841428977515,14575737270,58
486,"February 27, 2021",305288,46345,48253,45269,46188,45910946382,860978135421,14100642144,61
487,"February 26, 2021",329006,47180,48371,44455,46340,350967941479,863752275053,15246138040,57
488,"February 25, 2021",354417,49709,51949,47094,47094,54506565949,877766126138,16690914198,53
489,"February 24, 2021",288138,48835,51290,47214,49705,63695521388,926393090751,14321899290,65
490,"February 23, 2021",284252,54205,54205,45291,48824,106102492824,909925854460,13878319648,66
491,"February 22, 2021",272147,57533,57533,48968,54207,92052420332,1010205212981,14752272429,68
492,"February 21, 2021",321878,56069,58331,55673,57540,51897585191,1072263294725,18520860120,58
493,"February 20, 2021",340397,55887,57505,54627,56100,68145460026,1045371087640,19096271700,55
494,"February 19, 2021",317583,51676,56114,50937,55888,63495496918,1041380696669,17749078704,59
495,"February 18, 2021",318347,52141,52474,51016,51680,52054723579,962915078024,16452172960,59
496,"February 17, 2021",293837,49207,52534,49072,52149,80820545404,971611626454,15323305713,63
497,"February 16, 2021",312433,47944,50341,47201,49200,77049582886,916623418254,15371703600,60
498,"February 15, 2021",297189,48697,48876,46347,47945,77069903166,893210080039,14248726605,63
499,"February 14, 2021",333341,47115,49488,47115,48717,71248675228,907551330153,16239373497,56
500,"February 13, 2021",347389,47491,48048,46392,47106,70250456155,877478894464,16364106234,54
501,"February 12, 2021",301990,47877,48746,46425,47505,76555041196,884874050612,14346034950,62
502,"February 11, 2021",340879,44899,48463,44188,47909,81388911810,892364856136,16331172011,55
503,"February 10, 2021",359931,46470,47146,43881,44918,87301089896,836616907527,16167380658,52
504,"February 09, 2021",341081,46185,48004,45167,46481,91809846886,865682956619,15853785961,55
505,"February 08, 2021",286963,38887,46204,38076,46196,101467222687,860342706260,13256542748,65
506,"February 07, 2021",328241,39250,39622,37446,38903,65500641143,724478833211,12769559623,57
507,"February 06, 2021",360230,38138,40847,38138,39266,71326033653,731192490093,14144791180,52
508,"February 05, 2021",367696,36932,38226,36659,38144,58598066402,710266752534,14025396224,51
509,"February 04, 2021",345914,37475,38592,36318,36926,68838074392,687542752523,12773220364,54
510,"February 03, 2021",363550,35511,37480,35444,37472,61166818159,697672910488,13622945600,51
511,"February 02, 2021",283586,33533,35897,33489,35510,63088585433,661114581664,10070138860,66
512,"February 01, 2021",287226,33115,34638,32384,33537,61400400660,624349044409,9632698362,65
513,"January 31, 2021",313201,34271,34288,32270,33114,52754542671,616452744533,10371337914,59
514,"January 30, 2021",339729,34296,34835,32940,34270,65141828798,637924573284,11642512830,55
515,"January 29, 2021",325304,34319,38406,32065,34316,117894572511,638768671362,11163132064,57
516,"January 28, 2021",323740,30441,33858,30023,33466,76517157706,622910073820,10834282840,57
517,"January 27, 2021",336084,32564,32564,29367,30433,62576762015,566417413554,10228044372,55
518,"January 26, 2021",313098,32359,32795,31030,32570,60255421470,606169260387,10197601860,59
519,"January 25, 2021",254248,32286,34803,32088,32366,59897054838,602350097075,8228990768,73
520,"January 24, 2021",303476,32064,32944,31107,32289,48643830599,600888568010,9798936564,61
521,"January 23, 2021",326812,32986,33361,31493,32068,48354737975,596733137645,10480207216,57
522,"January 22, 2021",288593,30818,33812,28953,33006,77207272511,614160521492,9525300558,64
523,"January 21, 2021",315657,35549,35553,30251,30826,75643067688,573565664943,9730442682,59
524,"January 20, 2021",326515,36050,36378,33570,35548,66834573161,661400102161,11606955220,57
525,"January 19, 2021",314018,36642,37756,36070,36070,57244195486,671081200700,11326629260,59
526,"January 18, 2021",269005,35792,37299,34884,36630,49511702429,681470030572,9853653150,69
527,"January 17, 2021",308568,36164,36722,34069,35791,52359854336,665831621391,11043957288,60
528,"January 16, 2021",345208,36822,37864,35634,36178,57706187875,673000645231,12488935024,54
529,"January 15, 2021",338700,39157,39578,34660,36825,67760757881,685005864471,12472627500,55
530,"January 14, 2021",320223,37325,39966,36869,39187,63615990033,728904366964,12548578701,58
531,"January 13, 2021",336498,33915,37600,32585,37316,69364315979,694069582194,12556759368,55
532,"January 12, 2021",333595,35516,36569,32698,33923,74773277909,630920422745,11316543185,56
533,"January 11, 2021",332763,38347,38347,30550,35567,123320567399,661457321418,11835381621,56
534,"January 10, 2021",319061,40254,41420,35985,38356,79980747690,713304617761,12237903716,58
535,"January 09, 2021",358588,40789,41436,38981,40255,61984162837,748563483043,14434959940,52
536,"January 08, 2021",402293,39382,41947,36839,40798,88107519480,758625941267,16412749814,46
537,"January 07, 2021",398632,36834,40180,36491,39371,84762141031,732062681138,15694540472,47
538,"January 06, 2021",355125,34014,36880,33514,36824,75289433811,684671246324,13077123000,52
539,"January 05, 2021",371038,31977,34438,30221,33992,67547324782,631980005970,12612323696,50
540,"January 04, 2021",359799,32811,33440,28723,31972,81163475344,594384025391,11503493628,52
541,"January 03, 2021",297746,32129,34609,32052,32782,78665235202,609409213147,9760709372,62
542,"January 02, 2021",261467,29376,33155,29091,32127,67865420765,597205944669,8400150309,71
543,"January 01, 2021",338610,28994,29601,28804,29374,40730301359,546001594838,9946330140,55
