,Date,No. of BTC Traded per month,Open,High,Low,Close,Volume,Market Cap,circulating supply,Total Value Locked (TVL),Close_MA,Close_cumulative_MA,Close_exponential_MA
0,2022-06-28,248080,20732,21164,20229,20281,21381535161,386949194398,5031310480,77,,20281.0,20281.0
1,2022-06-27,258883,21028,21478,20620,20735,20965695707,395606854741,5367939005,74,,20508.0,20516.0
2,2022-06-26,206755,21496,21784,21016,21027,18027170497,401157940864,4347437385,92,,20681.0,20698.0
3,2022-06-25,218017,21234,21521,20965,21502,18372538715,410202265385,4687801534,88,,20886.0,20919.0
4,2022-06-24,254348,21085,21473,20778,21232,24957784918,405018505024,5400316736,75,,20955.0,20990.0
5,2022-06-23,255213,19987,21136,19950,21086,26188097173,402219959761,5381421318,75,,20977.0,21009.0
6,2022-06-22,255472,20719,20836,19848,19987,28574793478,381240087224,5106118864,75,,20836.0,20832.0
7,2022-06-21,254438,20594,21621,20415,20711,28970212744,395025644880,5269665418,75,,20820.0,20813.0
8,2022-06-20,236636,20553,20913,19689,20600,30818458597,392888024959,4874701600,81,,20796.0,20783.0
9,2022-06-19,199777,19011,20684,18067,20553,35329942625,391988917194,4106016681,95,,20771.0,20752.0
10,2022-06-18,247890,20473,20736,17709,19018,42009436760,362685324229,4714372020,77,,20612.0,20537.0
11,2022-06-17,251574,20386,21243,20327,20471,27132421514,390391528176,5149971354,76,,20600.0,20529.0
12,2022-06-16,251253,22576,22869,20265,20382,31183975654,388664840557,5121038646,76,,20583.0,20513.0
13,2022-06-15,296312,22197,22643,20178,22573,54912007015,430432160006,6688650776,64,,20726.0,20732.0
14,2022-06-14,283231,22488,23019,20951,22207,50913575242,423429131864,6289710817,67,,20824.0,20882.0
15,2022-06-13,272503,26738,26796,22141,22487,68204556440,428759852105,6127774961,70,,20928.0,21040.0
16,2022-06-12,215473,28374,28503,26763,26763,34163220274,510252464821,5766703899,88,,21271.0,21585.0
17,2022-06-11,230002,29085,29402,28236,28361,27246574439,540698499860,6523086722,83,,21665.0,22210.0
18,2022-06-10,261856,30110,30246,28978,29084,29867476527,554455834486,7615819904,73,,22056.0,22828.0
19,2022-06-09,262105,30215,30609,30020,30112,21692004719,574029141739,7892505760,73,,22459.0,23466.0
20,2022-06-08,261597,31151,31254,29944,30214,30242059107,575953219488,7903891758,73,,22828.0,24043.0
21,2022-06-07,263641,31372,31490,29312,31155,40770974039,593857882017,8213735355,72,,23206.0,24640.0
22,2022-06-06,268921,29910,31693,29894,31371,31947336829,597927548347,8436320691,71,,23561.0,25193.0
23,2022-06-05,201341,29835,30118,29574,29907,17264085441,569996838237,6021505287,95,,23826.0,25574.0
24,2022-06-04,218629,29706,29931,29500,29833,16588370958,568564420350,6522358957,87,,24066.0,25913.0
25,2022-06-03,267517,30468,30633,29376,29704,26175547452,566088081691,7946324968,71,,24283.0,26210.0
26,2022-06-02,264901,29795,30605,29653,30467,29083562061,580603466872,8070738767,72,,24512.0,26539.0
27,2022-06-01,272165,31793,31957,29502,29799,41135817341,567842680886,8110244835,70,,24701.0,26788.0
28,2022-05-31,276273,31724,32250,31286,31792,33538210634,605797887876,8783271216,69,,24945.0,27165.0
29,2022-05-30,271819,29443,31950,29304,31726,39277993274,604513442526,8623729594,70,25171.333333333332,25171.0,27505.0
30,2022-05-29,207859,29020,29498,28841,29446,18093886409,561034743433,6120616114,92,25476.833333333332,25309.0,27649.0
31,2022-05-28,226794,28842,29136,28555,29023,19252320708,552958193308,6582242262,84,25753.1,25425.0,27749.0
32,2022-05-27,270453,29251,29347,28327,28628,36582005748,545388222664,7742528484,70,26006.466666666667,25522.0,27813.0
33,2022-05-26,262367,29565,29834,28262,29267,36774325352,557547946793,7678694989,73,26265.3,25632.0,27918.0
34,2022-05-25,288842,29653,30158,29385,29562,27525063551,563145244692,8538747204,66,26542.966666666667,25745.0,28035.0
35,2022-05-24,235866,29101,29774,28787,29656,26616506245,564895173841,6994842096,81,26828.633333333335,25853.0,28150.0
36,2022-05-23,265106,30309,30591,28976,29099,31483454557,554268758109,7714319494,72,27132.366666666665,25941.0,28217.0
37,2022-05-22,209047,29432,30426,29275,30324,21631532270,577568895836,6339141228,91,27452.8,26056.0,28365.0
38,2022-05-21,225225,29200,29589,29027,29432,17274840442,560565793082,6628822200,85,27747.2,26143.0,28439.0
39,2022-05-20,267034,30311,30665,28794,29201,30749382605,556131920269,7797659834,71,28035.466666666667,26219.0,28492.0
40,2022-05-19,262479,28720,30431,28709,30314,33773447707,577316228899,7956788406,73,28412.0,26319.0,28618.0
41,2022-05-18,262907,30424,30619,28720,28720,31285268319,546936441380,7550689040,72,28686.966666666667,26376.0,28625.0
42,2022-05-17,278496,29862,30694,29570,30426,29101473475,579391415566,8473519296,68,29021.766666666666,26471.0,28748.0
43,2022-05-16,272134,31304,31305,29252,29863,32613897286,568643328349,8126737642,70,29264.766666666666,26548.0,28824.0
44,2022-05-15,235433,30099,31308,29528,31305,25835372065,596074575228,7370230065,81,29568.033333333333,26653.0,28992.0
45,2022-05-14,290225,29286,30193,28703,30101,28579868620,573129618195,8736062725,66,29821.833333333332,26728.0,29067.0
46,2022-05-13,269880,29031,30925,28782,29283,42841124537,557525025253,7902896040,71,29905.833333333332,26783.0,29082.0
47,2022-05-12,274204,28937,30032,26350,29048,66989173272,553017241735,7965077792,69,29928.733333333334,26830.0,29080.0
48,2022-05-11,262683,31016,32013,28170,28936,70388855818,550870071634,7600995288,72,29923.8,26873.0,29070.0
49,2022-05-10,279658,30274,32596,29945,31023,59811038817,590565398299,8675830134,68,29954.166666666668,26956.0,29201.0
50,2022-05-09,279511,34060,34222,30297,30297,63355494961,576716899023,8468344767,68,29956.933333333334,27021.0,29274.0
51,2022-05-08,233892,35503,35503,33879,34059,36763041910,648302121215,7966127628,81,30053.733333333334,27157.0,29592.0
52,2022-05-07,231623,36042,36130,34941,35502,24375896406,675729532874,8223079746,82,30191.433333333334,27314.0,29985.0
53,2022-05-06,286887,36573,36624,35482,36041,37795577489,685953792236,10339694367,66,30395.9,27476.0,30387.0
54,2022-05-05,315759,39696,39789,35857,36575,43106256317,696088266356,11548885425,60,30620.633333333335,27641.0,30797.0
55,2022-05-04,233045,37748,39903,37732,39698,36754404490,755491473700,9251420410,82,30953.766666666666,27857.0,31385.0
56,2022-05-03,277895,38528,38630,37586,37750,27326943244,718385701943,10490536250,68,31196.533333333333,28030.0,31805.0
57,2022-05-02,272206,38472,39075,38157,38529,32922642426,733170725791,10487824974,70,31487.533333333333,28211.0,32248.0
58,2022-05-01,232322,37713,38628,37586,38469,27002760110,731986764312,8937195018,82,31710.1,28385.0,32657.0
59,2022-04-30,261630,38606,38771,37698,37715,23895713731,717596901509,9867375450,73,31909.733333333334,28541.0,32990.0
60,2022-04-29,286563,39769,39887,38236,38610,30882994649,734589762490,11064197430,66,32215.2,28706.0,33359.0
61,2022-04-28,275765,39241,40269,38941,39774,33903704907,756698317682,10968277110,69,32573.566666666666,28884.0,33779.0
62,2022-04-27,287105,38120,39398,37997,39241,30981015184,746531438329,11266287305,66,32927.333333333336,29049.0,34137.0
63,2022-04-26,273297,40448,40714,37885,38117,34569088416,725113482674,10417261749,70,33222.333333333336,29190.0,34397.0
64,2022-04-25,277417,39473,40492,38338,40458,35445730570,769607056243,11223736986,69,33585.53333333333,29364.0,34794.0
65,2022-04-24,221992,39478,39846,39234,39469,17964398167,750755023764,8761802248,86,33912.63333333333,29517.0,35099.0
66,2022-04-23,234978,39739,39936,39352,39487,16138021249,751045477435,9278576286,81,34258.9,29665.0,35385.0
67,2022-04-22,260930,40526,40778,39315,39740,28011716745,755827581233,10369358200,73,34572.76666666667,29814.0,35669.0
68,2022-04-21,282438,41372,42894,40064,40527,35372786395,770762297843,11446364826,67,34942.6,29969.0,35986.0
69,2022-04-20,285655,41502,42126,40961,41374,27819532341,786828424699,11818689970,67,35348.36666666667,30132.0,36337.0
70,2022-04-19,273168,40828,41673,40619,41503,25303206547,789227424713,11337291504,70,35721.333333333336,30292.0,36673.0
71,2022-04-18,246421,39721,40986,38696,40826,33705182072,776330593866,10060383746,77,36124.86666666667,30438.0,36943.0
72,2022-04-17,207324,40418,40571,39621,39717,19087633042,755201997823,8234287308,92,36434.566666666666,30565.0,37124.0
73,2022-04-16,225486,40552,40634,40078,40424,16833150693,768615440640,9115046064,84,36786.6,30699.0,37338.0
74,2022-04-15,254831,39939,40618,39867,40553,21756855753,771033872659,10334161543,75,37094.86666666667,30830.0,37547.0
75,2022-04-14,265537,41160,41451,39696,39936,24342001973,759245303311,10604485632,72,37422.7,30950.0,37702.0
76,2022-04-13,276968,40124,41430,39713,41167,27691105228,782617115810,11401941656,69,37818.833333333336,31083.0,37927.0
77,2022-04-12,278839,39534,40618,39388,40127,30991500854,762819737794,11188972553,68,38188.13333333333,31198.0,38070.0
78,2022-04-11,276623,42201,42425,39373,39522,33949912166,751274786459,10932694206,69,38541.0,31304.0,38164.0
79,2022-04-10,216446,42781,43376,42021,42208,17654475582,802293412897,9135752768,88,38913.833333333336,31440.0,38426.0
80,2022-04-09,232792,42282,42787,42183,42782,16050772496,813175789802,9959307344,82,39330.0,31580.0,38708.0
81,2022-04-08,266805,43505,43903,42183,42288,27215995394,803736501494,11282649840,71,39604.3,31711.0,38940.0
82,2022-04-07,269404,43208,43861,42900,43504,26101973106,826814841543,11720151616,71,39871.03333333333,31853.0,39236.0
83,2022-04-06,273640,45544,45544,43194,43207,39393395788,821131605927,11823163480,69,40109.9,31988.0,39493.0
84,2022-04-05,273430,46625,47106,45545,45556,29640604055,865734982991,12456377080,70,40409.26666666667,32148.0,39885.0
85,2022-04-04,275106,46445,46791,45236,46623,32499785455,885964854050,12826267038,69,40640.1,32316.0,40322.0
86,2022-04-03,225564,45859,47313,45634,46454,25414397610,882703992271,10478350056,84,40930.23333333333,32478.0,40718.0
87,2022-04-02,254442,46286,47028,45783,45869,29336594194,871556728553,11671000098,75,41174.9,32631.0,41052.0
88,2022-04-01,284105,45554,46616,44403,46282,38162644287,879359612625,13148947610,67,41435.333333333336,32784.0,41390.0
89,2022-03-31,279210,47062,47512,45391,45539,33327427106,865202119216,12714944190,68,41696.13333333333,32926.0,41658.0
90,2022-03-30,272864,47457,47655,46746,47063,29333883962,894116777852,12841798432,70,41977.9,33081.0,42008.0
91,2022-03-29,286940,47100,48022,47100,47466,31397059069,901733146417,13619894040,66,42234.3,33237.0,42361.0
92,2022-03-28,293304,46822,48087,46690,47128,36362175703,895273041065,13822830912,65,42497.2,33387.0,42669.0
93,2022-03-27,218202,44505,46828,44437,46820,28160889722,889385706663,10216217640,87,42787.3,33530.0,42937.0
94,2022-03-26,231031,44350,44736,44166,44501,16950455995,845283757076,10281110531,82,42922.066666666666,33645.0,43038.0
95,2022-03-25,290719,43965,44999,43706,44349,30574413034,842351457245,12893096931,65,43084.73333333333,33757.0,43123.0
96,2022-03-24,262987,42887,44132,42726,43961,31042992291,834943671214,11561171507,72,43233.86666666667,33862.0,43177.0
97,2022-03-23,264182,42364,42894,41878,42893,25242943069,814620088889,11331558526,72,43338.96666666667,33954.0,43159.0
98,2022-03-22,264569,41074,43125,40948,42359,32004652376,804437952236,11206878271,72,43400.03333333333,34039.0,43107.0
99,2022-03-21,259912,41246,41454,40668,41078,24615543271,780074755650,10676665136,73,43390.166666666664,34109.0,42976.0
100,2022-03-20,210547,42191,42241,41005,41248,20127946682,783260570384,8684642656,90,43381.666666666664,34180.0,42864.0
101,2022-03-19,242424,41795,42317,41603,42191,19664853187,801124017583,10228110984,78,43427.166666666664,34259.0,42821.0
102,2022-03-18,261318,40945,42196,40302,41801,34421564942,793688176484,10923353718,73,43496.63333333333,34332.0,42755.0
103,2022-03-17,278800,41141,41288,40663,40951,22009601093,777515183730,11417138800,68,43514.2,34395.0,42639.0
104,2022-03-16,276390,39336,41465,39022,41144,39616916192,781131586213,11371790160,69,43533.9,34460.0,42542.0
105,2022-03-15,263178,39664,39795,38310,39339,23934000868,746821744421,10353159342,72,43514.0,34506.0,42335.0
106,2022-03-14,259592,37846,39742,37681,39667,24322159070,753013859090,10297235864,73,43464.0,34554.0,42163.0
107,2022-03-13,208092,38885,39209,37728,37850,17300745310,718481905386,7876282200,91,43388.1,34584.0,41884.0
108,2022-03-12,225148,38794,39309,38773,38904,14616450657,738459914964,8759157792,84,43367.5,34624.0,41692.0
109,2022-03-11,252383,39440,40082,38347,38795,26364890465,736353069777,9791198485,75,43253.73333333333,34662.0,41505.0
110,2022-03-10,261553,41974,42005,38833,39437,31078064711,748513363763,10314865661,73,43142.23333333333,34705.0,41372.0
111,2022-03-09,272805,38743,42466,38706,41983,32284121034,796787661849,11453172315,70,43132.066666666666,34770.0,41411.0
112,2022-03-08,255771,38060,39304,37957,38737,25776583476,735156346355,9907801227,74,42973.166666666664,34805.0,41238.0
113,2022-03-07,255441,38429,39430,37260,38062,28546143503,722305696828,9722595342,74,42801.666666666664,34834.0,41033.0
114,2022-03-06,207116,39404,39640,38212,38420,19745229902,729062407067,7957396720,92,42563.8,34865.0,40865.0
115,2022-03-05,225321,39148,39566,38777,39401,16975917450,747638613405,8877872721,84,42323.066666666666,34904.0,40770.0
116,2022-03-04,262101,42458,42480,38806,39138,28516271427,742617908335,10258108938,72,42079.2,34940.0,40665.0
117,2022-03-03,268244,43925,44022,41915,42452,24967782593,805466458785,11387494288,71,41965.3,35004.0,40780.0
118,2022-03-02,288657,44358,45078,43433,43924,29183112630,833361543695,12678970068,66,41886.7,35079.0,40983.0
119,2022-03-01,280634,43194,44794,42953,44355,32479047645,841491170716,12447521070,68,41847.23333333333,35156.0,41201.0
120,2022-02-28,270918,37706,43760,37518,43193,35690014104,819414782676,11701761174,70,41718.23333333333,35223.0,41329.0
121,2022-02-27,211164,39099,39779,37269,37710,23450127612,715351995828,7962994440,90,41393.03333333333,35243.0,41096.0
122,2022-02-26,220423,39213,40005,38703,39105,17467554129,741789694059,8619641415,86,41125.6,35274.0,40967.0
123,2022-02-25,260340,38334,39630,38111,39214,26545599159,743827806938,10208972760,73,40872.066666666666,35306.0,40854.0
124,2022-02-24,254139,37279,38969,34459,38333,46383802093,727072550320,9741910287,75,40666.46666666667,35330.0,40691.0
125,2022-02-23,251275,38285,39122,37202,37297,21849073843,707390766255,9371803675,75,40431.4,35346.0,40472.0
126,2022-02-22,260265,37069,38360,36489,38286,25493150450,726121533658,9964505790,73,40242.23333333333,35369.0,40331.0
127,2022-02-21,237402,38423,39394,36950,37075,29280402798,703124071472,8801679150,80,40048.3,35382.0,40121.0
128,2022-02-20,200535,40118,40120,38113,38431,18340576452,728812385562,7706760585,95,39917.36666666667,35406.0,40012.0
129,2022-02-19,220673,40026,40419,39713,40122,13736557863,760839429984,8853842106,86,39885.5,35442.0,40019.0
130,2022-02-18,261055,40552,40929,39638,40031,23310007704,759074084514,10450292705,73,39844.933333333334,35477.0,40020.0
131,2022-02-17,255573,43937,44133,40249,40538,26246662813,768654436207,10360418274,74,39789.833333333336,35516.0,40053.0
132,2022-02-16,266788,44578,44578,43457,43962,19792547657,833531932920,11728534056,71,39861.86666666667,35579.0,40306.0
133,2022-02-15,273623,42586,44667,42491,44575,22721659051,845117683687,12196745225,69,39982.666666666664,35646.0,40581.0
134,2022-02-14,247592,42157,42776,41682,42587,20827783012,807375855006,10544200504,77,40030.76666666667,35698.0,40710.0
135,2022-02-13,208977,42237,42693,41951,42198,14741589015,799950408997,8818411446,91,40126.066666666666,35746.0,40806.0
136,2022-02-12,228189,42412,42993,41853,42244,18152390304,800797790301,9639616116,83,40211.96666666667,35793.0,40899.0
137,2022-02-11,258595,43571,43811,42115,42408,26954925781,803848273503,10966496760,73,40363.9,35841.0,40997.0
138,2022-02-10,260813,44348,45661,43403,43565,32142048537,825745116530,11362318345,73,40519.26666666667,35896.0,41162.0
139,2022-02-09,265804,44097,44728,43233,44339,23245887300,840369284541,11785483556,71,40704.066666666666,35957.0,41367.0
140,2022-02-08,276850,43855,45294,42808,44118,33079398868,836154543908,12214068300,68,40860.1,36015.0,41545.0
141,2022-02-07,262034,42407,44402,41748,43840,28641855926,830838884165,11487570560,72,40922.0,36070.0,41693.0
142,2022-02-06,219196,41441,42501,41245,42412,16142097334,803744511638,9296540752,86,41044.5,36114.0,41739.0
143,2022-02-05,258646,41501,41847,41038,41441,19652846215,785297889648,10718548886,73,41157.13333333333,36151.0,41720.0
144,2022-02-04,247946,37149,41528,37094,41501,29412210792,786396684548,10290006946,76,41259.833333333336,36188.0,41706.0
145,2022-02-03,265344,36945,37155,36376,37155,18591534769,704010232687,9858856320,71,41184.96666666667,36195.0,41412.0
146,2022-02-02,278985,38744,38835,36833,36953,19155189416,700155817836,10309332705,68,41112.13333333333,36200.0,41125.0
147,2022-02-01,272984,38482,39115,38114,38743,20288500328,734039224255,10576219112,69,40988.5,36217.0,40971.0
148,2022-01-31,263410,37920,38647,36734,38483,20734730465,729073641688,10136807030,72,40807.13333333333,36232.0,40810.0
149,2022-01-30,207173,38152,38266,37438,37918,14643548444,718325967803,7855585814,91,40592.566666666666,36243.0,40624.0
150,2022-01-29,231038,37781,38576,37406,38138,17194183075,722469136410,8811327244,82,40424.066666666666,36256.0,40463.0
151,2022-01-28,264609,37128,37953,36211,37784,22238830523,715731622071,9997986456,72,40426.53333333333,36266.0,40291.0
152,2022-01-27,255925,36842,37148,35629,37138,25041426629,703456873493,9504542650,74,40360.96666666667,36272.0,40087.0
153,2022-01-26,261070,36951,38825,36375,36852,31324598034,698006361956,9620951640,73,40282.23333333333,36275.0,39878.0
154,2022-01-25,265128,36655,37445,35779,36954,26428189594,699907393886,9797540112,71,40236.26666666667,36280.0,39690.0
155,2022-01-24,270712,36276,37248,33184,36654,41856658597,694196560317,9922677648,70,40214.833333333336,36282.0,39494.0
156,2022-01-23,203986,35047,36433,34785,36277,26017975951,687012848062,7400000122,93,40147.86666666667,36282.0,39286.0
157,2022-01-22,250294,36472,36689,34349,35030,39714385405,663374008017,8767798820,76,40079.7,36274.0,39012.0
158,2022-01-21,272348,40700,41061,35791,36457,43011992031,690368973093,9928991036,70,40013.9,36275.0,38847.0
159,2022-01-20,271265,41744,43413,40673,40680,20382033940,770304579439,11035060200,70,40032.5,36303.0,38965.0
160,2022-01-19,270334,42374,42478,41243,41744,23091543258,790406427118,11284822496,70,40089.6,36337.0,39144.0
161,2022-01-18,265057,42250,42534,41392,42376,22417209227,802313747480,11232055432,71,40150.86666666667,36374.0,39353.0
162,2022-01-17,258141,43118,43179,41680,42251,21690904261,799910089279,10906715391,73,40093.833333333336,36410.0,39540.0
163,2022-01-16,216151,43172,43437,42691,43114,17902097845,816211499221,9319134214,88,40045.13333333333,36451.0,39770.0
164,2022-01-15,234373,43102,43725,42669,43177,18371348298,817364571824,10119523021,81,40064.8,36492.0,39990.0
165,2022-01-14,270882,42599,43347,41983,43100,23577403399,815850639036,11675014200,70,40094.86666666667,36532.0,40191.0
166,2022-01-13,274515,43947,44278,42447,42592,47691135082,806189762638,11692142880,69,40106.46666666667,36568.0,40346.0
167,2022-01-12,271933,42742,44135,42529,43949,33499938689,831836978396,11951183417,70,40157.833333333336,36612.0,40578.0
168,2022-01-11,277698,41820,43001,41408,42736,26327648900,808834801011,11867701728,68,40130.2,36648.0,40717.0
169,2022-01-10,266743,41910,42199,39797,41821,32104232331,791484886194,11155459003,71,40046.26666666667,36678.0,40789.0
170,2022-01-09,210143,41735,42664,41338,41912,21294384372,793156354744,8807513416,90,39972.73333333333,36709.0,40861.0
171,2022-01-08,223920,41561,42229,40672,41734,28066355845,789758782727,9345077280,85,39902.53333333333,36738.0,40917.0
172,2022-01-07,255381,43154,43154,41077,41558,84196607520,786389774194,10613123598,74,39874.066666666666,36766.0,40959.0
173,2022-01-06,264899,43566,43749,42646,43161,30208048289,816685390313,11433305739,71,39931.4,36803.0,41101.0
174,2022-01-05,272155,45899,46929,42798,43569,36851084859,824368284530,11857521195,70,40000.333333333336,36842.0,41260.0
175,2022-01-04,274544,46459,47407,45752,45898,42494677905,868383282082,12601020512,69,40291.76666666667,36893.0,41559.0
176,2022-01-03,234793,47344,47511,45836,46458,33071628362,878946596803,10908013194,81,40608.6,36947.0,41875.0
177,2022-01-02,196865,47681,47881,46857,47345,27951569547,895688387523,9320573425,96,40895.333333333336,37005.0,42228.0
178,2022-01-01,186834,46312,47827,46288,47687,24582667004,902104193385,8909552958,101,41202.13333333333,37065.0,42580.0
179,2021-12-31,269540,47169,48473,45820,46306,36974172400,875939356679,12481319240,70,41481.73333333333,37116.0,42821.0
180,2021-12-30,245021,46491,47880,46060,47178,26686491018,892386327929,11559600738,77,41783.066666666666,37172.0,43102.0
181,2021-12-29,276083,47624,48120,46201,46445,30049226299,878478755242,12822674935,69,42071.76666666667,37223.0,43318.0
182,2021-12-28,265422,50680,50680,47414,47589,33430376883,900076230597,12631167558,71,42420.13333333333,37280.0,43593.0
183,2021-12-27,249548,50803,51956,50499,50640,24324345758,957746390396,12637110720,76,42879.73333333333,37352.0,44048.0
184,2021-12-26,198574,50429,51196,49623,50810,20964372926,960899995735,10089544940,95,43341.6,37425.0,44484.0
185,2021-12-25,207803,50855,51177,50237,50430,19030650914,953678082633,10479505290,91,43800.8,37495.0,44868.0
186,2021-12-24,260565,50806,51814,50514,50822,24367912228,961051547919,13242434430,73,44285.63333333333,37566.0,45252.0
187,2021-12-23,291799,48626,51332,48066,50785,28223878108,960290825000,14819012215,65,44810.8,37636.0,45609.0
188,2021-12-22,288495,48937,49545,48451,48629,24447979559,919476035254,14029223355,66,45216.53333333333,37695.0,45804.0
189,2021-12-21,304713,46886,49301,46699,48937,27055803928,925255868119,14911740081,62,45491.76666666667,37754.0,46006.0
190,2021-12-20,266947,46707,47402,45580,46880,30961902129,886331446165,12514475360,71,45662.96666666667,37802.0,46062.0
191,2021-12-19,206719,46854,48090,46503,46707,25154053861,883011296030,9655224333,91,45807.333333333336,37848.0,46104.0
192,2021-12-18,239170,46219,47314,45598,46849,26098292690,885650029984,11204875330,79,45960.6,37895.0,46152.0
193,2021-12-17,263495,47654,48005,45618,46202,32902725329,873389147689,12173995990,72,46063.53333333333,37937.0,46155.0
194,2021-12-16,256206,48900,49426,47530,47665,27268150947,901005821508,12212058990,74,46213.13333333333,37987.0,46253.0
195,2021-12-15,281103,48380,49474,46672,48897,36541828520,924244252417,13745093391,67,46406.36666666667,38043.0,46423.0
196,2021-12-14,278275,46710,48431,46424,46613,34638619079,881018067731,12971232575,68,46540.4,38086.0,46435.0
197,2021-12-13,278211,50115,50205,45895,46737,32166727776,883345705454,13002747507,68,46633.333333333336,38130.0,46455.0
198,2021-12-12,214808,49355,50725,48726,50098,21939223599,946823114555,10761451184,88,46878.73333333333,38190.0,46690.0
199,2021-12-11,225733,47265,49458,46942,49363,25775869261,932873019896,11142858079,84,47130.13333333333,38246.0,46862.0
200,2021-12-10,271375,47642,50015,47024,47243,30966005122,892777676312,12820569125,70,47307.833333333336,38291.0,46887.0
201,2021-12-09,282775,50450,50797,47358,47672,29603577251,900835068960,13480449800,67,47505.76666666667,38337.0,46938.0
202,2021-12-08,266110,50668,51171,48766,50505,28479699446,954312404511,13439885550,71,47804.0,38397.0,47168.0
203,2021-12-07,288343,50582,51935,50176,50700,33676814852,957948940989,14618990100,66,48055.3,38458.0,47396.0
204,2021-12-06,284467,49413,50930,47281,50583,37707308001,955680910792,14389194261,66,48289.1,38517.0,47601.0
205,2021-12-05,215213,49202,49768,47858,49369,37198201161,932695365142,10624850597,88,48404.8,38569.0,47715.0
206,2021-12-04,253674,53728,53905,42875,49201,61385677469,929467386770,12481014474,74,48496.23333333333,38621.0,47811.0
207,2021-12-03,290139,56509,57482,52497,53598,39789134215,1012490599979,15550870122,65,48704.666666666664,38693.0,48184.0
208,2021-12-02,313261,57217,57349,55895,56478,32379968686,1066829261574,17692354758,60,48997.7,38778.0,48720.0
209,2021-12-01,288422,56908,59042,56553,57230,36858195307,1080977744339,16506391060,65,49361.833333333336,38866.0,49269.0
210,2021-11-30,293876,57830,59113,56057,57005,36708594618,1076689232562,16752401380,64,49689.4,38952.0,49768.0
211,2021-11-29,301297,57292,58873,56793,57807,32370840356,1091773828974,17417075679,63,50068.13333333333,39041.0,50286.0
212,2021-11-28,213768,54813,57394,53577,57248,28116886357,1081180416262,12237790464,88,50390.1,39126.0,50736.0
213,2021-11-27,240759,53736,55329,53668,54815,30560857714,1035176249679,13197204585,78,50529.26666666667,39199.0,50999.0
214,2021-11-26,292645,58960,59183,53570,53570,41810748221,1011613083342,15676992650,65,50621.26666666667,39266.0,51165.0
215,2021-11-25,287496,57165,59368,57147,57275,34284016248,1081500188674,16466333400,66,50849.433333333334,39350.0,51559.0
216,2021-11-24,298909,57566,57803,55964,56280,36635566789,1062661698465,16822598520,63,51031.36666666667,39428.0,51863.0
217,2021-11-23,283401,56305,57876,55633,57569,37485803899,1086985075773,16315112169,67,51257.5,39511.0,52232.0
218,2021-11-22,279165,58707,59266,55680,56289,35036121783,1062772703759,15713918685,68,51512.833333333336,39588.0,52493.0
219,2021-11-21,222949,59731,60004,58619,58730,26123447605,1108812311533,13093794770,85,51839.26666666667,39675.0,52896.0
220,2021-11-20,249652,58115,59860,57470,59697,30624264863,1127014430118,14903475444,76,52266.5,39765.0,53334.0
221,2021-11-19,284719,56896,58351,55705,58120,38702407772,1097177697853,16547868280,66,52646.933333333334,39848.0,53643.0
222,2021-11-18,293867,60360,60948,56551,56942,41388338699,1074900976539,16733374714,64,52983.36666666667,39925.0,53856.0
223,2021-11-17,290390,60140,60824,58515,60368,39178392930,1139519389072,17530263520,65,53455.566666666666,40016.0,54276.0
224,2021-11-16,301103,63721,63721,59016,60161,46844335592,1135559300073,18114657583,63,53872.1,40105.0,54656.0
225,2021-11-15,288435,65521,66282,63548,63558,30558763548,1199611097094,18332351730,65,54360.8,40209.0,55230.0
226,2021-11-14,224016,64455,65495,63648,65467,25122092191,1235578996842,14665655472,84,54989.26666666667,40320.0,55891.0
227,2021-11-13,238634,64158,64916,63304,64470,30474228777,1216695126358,15384733980,79,55580.36666666667,40426.0,56444.0
228,2021-11-12,282049,64864,65461,62334,64156,36084893887,1210715199478,18095135644,67,56048.96666666667,40530.0,56942.0
229,2021-11-11,293665,64979,65579,64180,64950,35880633236,1225643127560,19073541750,64,56568.53333333333,40636.0,57458.0
230,2021-11-10,301025,66953,68790,63208,64995,48730828378,1226431510693,19565119875,63,57160.26666666667,40742.0,57945.0
231,2021-11-09,335411,67550,68530,66382,66972,42357991721,1263667113597,22463145492,56,57803.6,40855.0,58527.0
232,2021-11-08,285806,63344,67674,63344,67567,41125608330,1274831490851,19311054002,66,58372.333333333336,40969.0,59110.0
233,2021-11-07,226128,61555,63327,61432,63327,24726754302,1194778776481,14320007856,83,58793.23333333333,41065.0,59382.0
234,2021-11-06,236233,61069,61591,60164,61527,29094934221,1160769349887,14534707791,80,59158.03333333333,41152.0,59521.0
235,2021-11-05,285946,61460,62541,60845,61126,30605102446,1153128571128,17478735196,66,59549.933333333334,41236.0,59624.0
236,2021-11-04,289141,62942,63123,60800,61452,32615846901,1159231375022,17768292732,65,59958.3,41322.0,59742.0
237,2021-11-03,288746,63254,63517,61184,62970,36124731509,1187808286560,18182335620,65,60270.7,41413.0,59950.0
238,2021-11-02,297402,60963,64243,60673,63226,37746665647,1192577136210,18803538852,63,60495.63333333333,41504.0,60162.0
239,2021-11-01,293282,61320,62419,59695,61004,36150572843,1150606762880,17891375128,64,60621.433333333334,41585.0,60216.0
240,2021-10-31,217435,61850,62406,60074,61319,32241199927,1156485845063,13332896765,87,60765.23333333333,41667.0,60287.0
241,2021-10-30,252061,62239,62330,60918,61889,32157938616,1167178054167,15599803229,75,60901.3,41751.0,60391.0
242,2021-10-29,305733,60625,62928,60330,62228,36856881767,1173512442368,19025153124,62,61067.3,41835.0,60509.0
243,2021-10-28,295558,58471,62129,58207,60622,45257083247,1143165999365,17917317076,64,61260.86666666667,41912.0,60516.0
244,2021-10-27,292114,60352,61435,58208,58482,43657076893,1102757767323,17083410948,65,61424.6,41980.0,60385.0
245,2021-10-26,294029,63033,63229,59991,60364,34878965587,1138177770430,17748766556,64,61527.566666666666,42054.0,60384.0
246,2021-10-25,284680,60894,63729,60692,63040,31064911614,1188575312422,17946227200,66,61752.9,42139.0,60555.0
247,2021-10-24,211220,61368,61506,59643,60931,27316183882,1148743134468,12869845820,89,61864.96666666667,42215.0,60579.0
248,2021-10-23,223941,60695,61744,59827,61394,26882546034,1157410091263,13748633754,84,62035.13333333333,42292.0,60632.0
249,2021-10-22,287550,62238,63715,60123,60692,38434082775,1144131483274,17451984600,66,62100.53333333333,42366.0,60636.0
250,2021-10-21,320743,66002,66601,62117,62210,45908121370,1172684282558,19953422030,59,62184.3,42445.0,60737.0
251,2021-10-20,291813,64285,66930,63611,65993,40788955582,1243927428207,19257615309,65,62446.73333333333,42538.0,61076.0
252,2021-10-19,312018,62043,64435,61623,64262,40471196346,1211242526571,20050900716,60,62690.73333333333,42624.0,61282.0
253,2021-10-18,285368,61549,62615,60013,62026,38055562075,1169039169043,17700235568,66,62746.0,42700.0,61330.0
254,2021-10-17,215883,60888,61646,59164,61554,29032367511,1160077513368,13288462182,87,62792.433333333334,42774.0,61344.0
255,2021-10-16,270052,61610,62274,60206,60892,34250964237,1147551202767,16444006384,70,62703.566666666666,42845.0,61315.0
256,2021-10-15,297746,57346,62757,56868,61594,51780081801,1160726409230,18339367124,63,62574.46666666667,42918.0,61333.0
257,2021-10-14,282383,57373,58479,56957,57322,36615791366,1080160001108,16186758326,67,62336.2,42974.0,61074.0
258,2021-10-13,288916,56038,57689,54371,57401,41684252783,1081611750762,16584067316,65,62111.03333333333,43030.0,60837.0
259,2021-10-12,274155,57527,57628,54478,56041,41083758949,1055926265435,15363920355,69,61814.066666666666,43080.0,60528.0
260,2021-10-11,280184,54734,57793,54520,57485,42637331698,1083079138639,16106377240,67,61563.73333333333,43135.0,60332.0
261,2021-10-10,211506,54953,56401,54264,54772,39527792364,1031909532688,11584606632,89,61157.066666666666,43179.0,59973.0
262,2021-10-09,246189,53930,55398,53735,54968,32491211414,1035558748272,13532516952,77,60737.1,43224.0,59650.0
263,2021-10-08,280028,53802,55923,53688,53968,34800873924,1016664484566,15112551104,67,60425.13333333333,43265.0,59283.0
264,2021-10-07,325875,55339,55339,53525,53806,36807860413,1013573258668,17534030250,58,60167.76666666667,43305.0,58930.0
265,2021-10-06,267749,51487,55568,50488,55361,49034730168,1042827678808,14822852389,70,59975.6,43350.0,58700.0
266,2021-10-05,312538,49175,51840,49073,51515,35873904236,970325310417,16100395070,60,59644.36666666667,43380.0,58236.0
267,2021-10-04,268955,48209,49457,47045,49113,33383173002,925033195574,13209186915,70,59182.46666666667,43402.0,57648.0
268,2021-10-03,218112,47680,49131,47157,48200,26638115879,907791525236,10512998400,86,58681.6,43420.0,57038.0
269,2021-10-02,259961,48137,48282,47466,47711,30614346492,898547418743,12402999271,72,58238.5,43436.0,56436.0
270,2021-10-01,277042,43817,48436,43320,48117,42850641582,906127699408,13330429914,68,57798.433333333334,43453.0,55900.0
271,2021-09-30,293074,41551,44093,41445,43791,31141681925,824619217608,12834003534,64,57195.166666666664,43454.0,55118.0
272,2021-09-29,241991,41065,42545,40830,41564,30602359905,782651228474,10058113924,78,56506.36666666667,43447.0,54244.0
273,2021-09-28,262292,42201,42775,40932,41035,30214940550,772639687709,10763152220,72,55853.46666666667,43438.0,53392.0
274,2021-09-27,255873,43234,44313,42191,42236,30980029059,795216175345,10807052028,74,55311.933333333334,43434.0,52672.0
275,2021-09-26,195560,42722,43919,40848,43209,30661222077,813490665613,8449952040,96,54740.1,43433.0,52062.0
276,2021-09-25,212575,42841,42996,41760,42717,31604717236,804192450113,9080566275,89,54062.666666666664,43431.0,51459.0
277,2021-09-24,277565,44894,45080,40937,42840,42839345714,806470363647,11890884600,68,53459.63333333333,43429.0,50903.0
278,2021-09-23,268689,43560,44942,43109,44895,34244064430,845122403460,12062792655,70,52909.666666666664,43434.0,50515.0
279,2021-09-22,275235,40678,43979,40626,43575,38139709246,820218503579,11993365125,68,52339.1,43434.0,50067.0
280,2021-09-21,244568,43012,43608,39788,40694,48701090088,765958488767,9952450192,77,51621.9,43425.0,49463.0
281,2021-09-20,270233,47261,47328,42599,42844,43909845642,806395852718,11577862652,70,50850.26666666667,43422.0,49036.0
282,2021-09-19,200516,48269,48328,46920,47260,26967722648,889472404520,9476386160,94,50283.53333333333,43436.0,48921.0
283,2021-09-18,227661,47274,48792,47087,48278,28575630451,908584317849,10991017758,83,49825.26666666667,43453.0,48880.0
284,2021-09-17,271040,47771,48161,46833,47268,28727713711,889514744351,12811518720,69,49349.066666666666,43466.0,48776.0
285,2021-09-16,271223,48159,48487,47080,47783,31764293754,899179151780,12959848609,69,48912.1,43482.0,48712.0
286,2021-09-15,268957,47098,48450,46773,48176,30484496466,906532479371,12957272432,70,48464.833333333336,43498.0,48677.0
287,2021-09-14,268127,44960,47218,44752,47092,38652152880,886095283701,12626636684,70,48123.833333333336,43510.0,48575.0
288,2021-09-13,255970,46057,46599,43591,44963,40969943253,845980481365,11509179110,74,47709.23333333333,43515.0,48342.0
289,2021-09-12,192691,45207,46365,44790,46063,27881980161,866636671662,8875925533,98,47376.63333333333,43524.0,48195.0
290,2021-09-11,218445,44870,45969,44818,45201,34499835245,850381828071,9873932445,86,46967.166666666664,43530.0,48002.0
291,2021-09-10,261371,46397,47032,44344,44884,39154666597,844367023727,11731375964,72,46637.566666666666,43535.0,47800.0
292,2021-09-09,274384,45775,47262,45670,46391,38672657013,872686454372,12728948144,69,46351.666666666664,43544.0,47709.0
293,2021-09-08,270483,46828,47334,44561,46091,49007762488,867002908109,12466831953,70,46089.1,43553.0,47605.0
294,2021-09-07,276624,52660,52854,43285,46811,65210059683,880498621998,12949046064,68,45855.933333333334,43564.0,47554.0
295,2021-09-06,268877,51769,52701,51054,52634,38884105426,989965076456,14152072018,70,45765.03333333333,43595.0,47882.0
296,2021-09-05,205066,49938,51869,49539,51753,30322676319,973354882473,10612780698,92,45772.96666666667,43622.0,48131.0
297,2021-09-04,227732,50009,50546,49549,49945,37471327794,939286123133,11374074740,83,45800.7,43643.0,48248.0
298,2021-09-03,283991,49288,50982,48386,50025,43206179619,940757184680,14206649775,66,45861.53333333333,43665.0,48363.0
299,2021-09-02,289900,48808,50343,48652,49328,39508070319,927590865738,14300187200,65,45915.433333333334,43684.0,48425.0
300,2021-09-01,280865,47100,49111,46562,48847,39139399125,918501510157,13719412655,67,45939.76666666667,43701.0,48452.0
301,2021-08-31,271163,47024,48190,46750,47167,34730363427,886869903603,12789945221,69,46052.3,43712.0,48370.0
302,2021-08-30,250955,48835,48926,46950,47055,31847007016,884727824089,11808687525,75,46235.333333333336,43723.0,48285.0
303,2021-08-29,191650,48911,49644,47926,48830,25889650240,918057300166,9358269500,98,46495.166666666664,43740.0,48320.0
304,2021-08-28,218268,49073,49284,48499,48902,28568103401,919372790254,10673741736,86,46717.36666666667,43757.0,48357.0
305,2021-08-27,256813,46895,49113,46394,49059,34511076995,922265559164,12598988967,73,46912.36666666667,43774.0,48403.0
306,2021-08-26,258590,49003,49348,46406,46942,32666549568,882436522913,12138731780,73,47053.2,43785.0,48308.0
307,2021-08-25,263009,47727,49203,47164,48961,32646349931,920337950861,12877183649,71,47257.23333333333,43801.0,48351.0
308,2021-08-24,263984,49562,49879,47687,47706,35361168834,896704765697,12593620704,71,47350.933333333334,43814.0,48309.0
309,2021-08-23,270736,49292,50482,49075,49546,34305053719,931244272409,13413885856,69,47549.96666666667,43833.0,48389.0
310,2021-08-22,190631,48869,49472,48200,49322,25370975378,926961622395,9402302182,99,47837.566666666666,43850.0,48449.0
311,2021-08-21,219407,49327,49717,48312,48905,40585205312,919092181743,10730099335,86,48039.6,43866.0,48478.0
312,2021-08-20,271837,46723,49342,46651,49339,34706867452,927189789032,13412165743,69,48108.9,43884.0,48534.0
313,2021-08-19,253447,44742,46971,43998,46718,37204312299,877875534875,11840536946,74,48056.9,43893.0,48417.0
314,2021-08-18,247333,44687,45952,44364,44801,32194123075,841823296233,11080765733,76,47974.666666666664,43896.0,48184.0
315,2021-08-17,257766,45936,47140,44512,44695,33451362600,839796717683,11520851370,73,47871.73333333333,43898.0,47958.0
316,2021-08-16,263529,47020,47998,45700,46004,32776876610,864345726183,12123388116,71,47799.333333333336,43905.0,47832.0
317,2021-08-15,186239,47097,47357,45580,47047,30988958446,883882942188,8761986233,101,47797.833333333336,43915.0,47782.0
318,2021-08-14,209074,47811,48099,46178,47097,31211354442,884769956069,9846758178,90,47868.96666666667,43925.0,47738.0
319,2021-08-13,260624,44440,47832,44282,47793,31744259539,897802604441,12456002832,72,47926.63333333333,43937.0,47741.0
320,2021-08-12,250961,45577,46229,43861,44428,33723620826,834546790666,11149695308,75,47900.86666666667,43938.0,47527.0
321,2021-08-11,262437,45600,46736,45352,45594,34319709073,856398622622,11965552578,72,47924.53333333333,43944.0,47403.0
322,2021-08-10,260968,46281,46638,44706,45585,33546019517,856195142352,11896226280,72,47897.666666666664,43949.0,47285.0
323,2021-08-09,252660,43792,46457,42849,46365,38734079049,870805373889,11714580900,74,47906.8,43956.0,47226.0
324,2021-08-08,191623,44574,45282,43332,43798,36302664750,822545074286,8392704154,98,47806.36666666667,43956.0,47005.0
325,2021-08-07,212229,42833,44690,42619,44556,40030862141,836730623772,9456075324,88,47537.1,43957.0,46847.0
326,2021-08-06,260810,40866,43272,39932,42816,38226483046,804022903682,11166840960,72,47239.2,43954.0,46587.0
327,2021-08-05,246175,39745,41342,37458,40870,35185031017,767423192906,10061172250,76,46936.7,43945.0,46218.0
328,2021-08-04,239596,38213,39952,37589,39748,25372562724,746313542791,9523461808,78,46594.13333333333,43932.0,45801.0
329,2021-08-03,246198,39178,39750,37782,38153,26189830450,716341544145,9393192294,76,46221.63333333333,43914.0,45307.0
330,2021-08-02,239277,39907,40419,38746,39202,25595265436,735995665489,9380136954,78,45900.13333333333,43900.0,44913.0
331,2021-08-01,185157,41461,42542,39541,39975,26688438115,750472428208,7401651075,101,45660.4,43888.0,44595.0
332,2021-07-31,207348,42196,42231,41111,41626,25802845343,781431379811,8631067848,91,45479.433333333334,43881.0,44403.0
333,2021-07-30,255417,40027,42236,38397,42236,33072782960,792829863258,10787792412,73,45259.63333333333,43877.0,44263.0
334,2021-07-29,262612,39995,40593,39352,40008,27167146027,750980784072,10506580896,71,44963.166666666664,43865.0,43989.0
335,2021-07-28,251223,39503,40816,38862,39996,38702404695,750706646107,10047915108,75,44661.066666666666,43853.0,43731.0
336,2021-07-27,255221,37276,39407,36442,39407,35097370560,739612127373,10057493947,74,44409.9,43840.0,43452.0
337,2021-07-26,261950,35384,40500,35287,37338,51022126212,700734471386,9780689100,72,44022.46666666667,43821.0,43058.0
338,2021-07-25,174535,34290,35365,33882,35350,20856685287,663401935103,6169812250,108,43610.6,43796.0,42560.0
339,2021-07-24,198091,33594,34490,33425,34292,21664706865,643518528651,6792936572,95,43102.13333333333,43768.0,42027.0
340,2021-07-23,231130,32306,33582,32058,33582,22552046192,630147722704,7761807660,81,42577.46666666667,43738.0,41482.0
341,2021-07-22,230282,32139,32576,31745,32313,19555230518,606316858335,7441102266,81,42024.4,43705.0,40891.0
342,2021-07-21,235680,29796,32752,29526,32111,28203024559,602489309202,7567920480,80,41450.13333333333,43671.0,40324.0
343,2021-07-20,230509,30838,31006,29361,29807,23148267245,559244324356,6870781763,81,40886.433333333334,43631.0,39646.0
344,2021-07-19,226803,31800,31886,30564,30818,20434789545,578178147283,6989614854,83,40420.333333333336,43594.0,39076.0
345,2021-07-18,161122,31534,32399,31215,31797,18787986667,596513309277,5123196234,116,39990.4,43559.0,38607.0
346,2021-07-17,182047,31397,31936,31224,31533,18895018942,591536476392,5740488051,103,39508.03333333333,43525.0,38150.0
347,2021-07-16,223466,31842,32218,31101,31422,23699476918,589415807378,7021748652,84,38987.2,43490.0,37716.0
348,2021-07-15,226234,32828,33160,31176,31781,21300524237,596124462729,7189942754,83,38476.666666666664,43457.0,37333.0
349,2021-07-14,236217,32724,33061,31639,32822,21376531210,615635042692,7753114374,79,37977.63333333333,43426.0,37042.0
350,2021-07-13,229916,33125,33327,32261,32702,19120856669,613343664760,7518713032,82,37586.76666666667,43396.0,36762.0
351,2021-07-12,220269,34254,34592,32697,33156,24321499537,621827984940,7303238964,85,37172.166666666664,43366.0,36529.0
352,2021-07-11,166144,33509,34585,33347,34240,20108729370,642138104626,5688770560,113,36794.0,43341.0,36382.0
353,2021-07-10,187263,33811,34209,33116,33521,22971873468,628615338753,6277243023,100,36365.86666666667,43313.0,36197.0
354,2021-07-09,227511,32862,34042,32319,33798,27436021028,633784072787,7689416778,82,36032.53333333333,43286.0,36042.0
355,2021-07-08,230719,33890,33908,32133,32877,29910396946,616492852697,7585348563,81,35643.23333333333,43257.0,35838.0
356,2021-07-07,221227,34226,34998,33839,33855,24796027477,634802817185,7489640085,85,35344.53333333333,43231.0,35710.0
357,2021-07-06,228279,33724,35039,33600,34235,26501259870,641899161594,7815131565,82,35123.36666666667,43205.0,35615.0
358,2021-07-05,223760,35284,35284,33214,33746,26721554282,632696207200,7551004960,84,34923.3,43179.0,35494.0
359,2021-07-04,171850,34666,35938,34396,35288,24924307911,661574836315,6064242800,109,34827.8,43157.0,35481.0
360,2021-07-03,237463,33854,34909,33403,34669,24383958643,649939701346,8232604747,79,34676.7,43134.0,35429.0
361,2021-07-02,188568,33550,33940,32771,33897,38728974942,635450784106,6391889496,99,34474.1,43108.0,35330.0
362,2021-07-01,230253,35036,35036,32884,33572,37838957079,629339325298,7730053716,81,34205.63333333333,43082.0,35217.0
363,2021-06-30,218734,35908,36075,34086,35041,34059036099,656852513238,7664658094,86,33965.8,43060.0,35205.0
364,2021-06-29,205616,34476,36542,34252,35868,37901460044,672333423402,7375034688,91,33827.8,43040.0,35248.0
365,2021-06-28,217898,34679,35220,33902,34434,33892523752,645442759493,7503099732,86,33642.4,43017.0,35195.0
366,2021-06-27,124640,32288,34656,32072,34650,35511640894,649461677014,4318776000,150,33483.833333333336,42994.0,35160.0
367,2021-06-26,181628,31595,32638,30184,32186,38585385521,603276028309,5845878808,103,33312.1,42964.0,34968.0
368,2021-06-25,218245,34659,35487,31351,31638,40230904226,592978211189,6904835310,86,33188.36666666667,42934.0,34754.0
369,2021-06-24,233278,33683,35229,32385,34662,33123368116,649643997441,8085882036,80,33200.7,42911.0,34748.0
370,2021-06-23,232704,32516,34753,31773,33723,46317108925,632011278436,7847476992,81,33205.4,42887.0,34681.0
371,2021-06-22,196523,31622,33292,28894,32506,58964353058,609180639390,6388176638,95,33211.833333333336,42859.0,34541.0
372,2021-06-21,205050,35641,35722,31296,31677,52809038594,593627575887,6495368850,91,33197.36666666667,42829.0,34356.0
373,2021-06-20,167249,35563,36059,33432,35698,36664034054,668968868770,5970454802,112,33393.73333333333,42810.0,34443.0
374,2021-06-19,187042,35855,36458,34933,35616,31207279719,667400859261,6661687872,100,33553.666666666664,42790.0,34519.0
375,2021-06-18,222918,38099,38187,35256,35787,36200887275,670589444851,7977566466,84,33686.666666666664,42772.0,34600.0
376,2021-06-17,237725,38341,39514,37440,38054,37096670047,713025631758,9046387150,79,33904.03333333333,42759.0,34823.0
377,2021-06-16,252937,40169,40517,38176,38347,39211635100,718494773612,9699375139,74,34134.86666666667,42748.0,35051.0
378,2021-06-15,241861,40427,41295,39609,40406,46420149185,757029874725,9772635566,77,34422.36666666667,42741.0,35396.0
379,2021-06-14,242416,39017,40978,38757,40218,43148914673,753471062534,9749486688,77,34668.9,42735.0,35707.0
380,2021-06-13,187098,35556,39323,34864,39098,40669112838,732465659892,7315157604,100,34882.1,42725.0,35926.0
381,2021-06-12,222774,37340,37409,34728,35553,37924228550,666018173753,7920284022,84,34962.0,42706.0,35902.0
382,2021-06-11,216502,36697,37609,36044,37334,38699736985,699368729838,8082885668,87,35065.13333333333,42692.0,35994.0
383,2021-06-10,252983,37390,38334,35848,36703,43576032854,687509421226,9285235049,74,35171.2,42677.0,36040.0
384,2021-06-09,210911,33417,37537,32476,37345,53972919008,699516138698,7876471295,89,35289.433333333334,42663.0,36124.0
385,2021-06-08,246906,33590,34017,31114,33473,49902050442,626954944879,8264684538,76,35309.3,42639.0,35953.0
386,2021-06-07,235479,35835,36791,33481,33561,33683936663,628572961759,7902910719,80,35299.5,42616.0,35799.0
387,2021-06-06,185305,35539,36436,35305,35862,28913440585,671652557855,6645407910,101,35353.73333333333,42598.0,35803.0
388,2021-06-05,194580,36880,37918,34900,35552,35959473399,665804639833,6917708160,96,35413.933333333334,42580.0,35787.0
389,2021-06-04,236672,39242,39242,35718,36894,41831090187,690915072093,8731776768,79,35467.46666666667,42566.0,35858.0
390,2021-06-03,255621,37599,39479,37244,39209,35460750427,734224332239,10022643789,73,35618.8,42557.0,36074.0
391,2021-06-02,250589,36700,38231,35966,37575,33070867190,703599671425,9415881675,75,35741.4,42544.0,36171.0
392,2021-06-01,234561,37294,37897,35787,36685,34639423297,686891021225,8604870285,80,35845.166666666664,42529.0,36204.0
393,2021-05-31,226469,35659,37468,34242,37333,39009847639,698990486185,8454767177,83,35921.566666666666,42516.0,36277.0
394,2021-05-30,179795,34607,36401,33521,35678,31646080921,667976638398,6414726010,104,35915.23333333333,42499.0,36238.0
395,2021-05-29,198332,35684,37234,33694,34616,45231013335,648061013208,6865460512,94,35921.3,42479.0,36134.0
396,2021-05-28,218311,38507,38857,34779,35698,55200191952,668283930067,7793266078,86,35956.23333333333,42462.0,36106.0
397,2021-05-27,214035,39317,40380,37248,38437,43210968721,719538129128,8226863295,87,36164.6,42452.0,36256.0
398,2021-05-26,230753,38393,40782,37906,39294,51346735160,735556411166,9067208382,81,36419.8,42444.0,36452.0
399,2021-05-25,233644,38796,39776,36581,38402,56211915803,718829377408,8972396888,80,36544.46666666667,42434.0,36578.0
400,2021-05-24,234755,34700,39835,34551,38706,67359584098,724332072424,9086427030,80,36710.566666666666,42424.0,36715.0
401,2021-05-23,194320,37531,38289,31227,34771,78469274361,650686270744,6756700720,96,36786.066666666666,42405.0,36590.0
402,2021-05-22,223800,37371,38831,35384,37537,57377273240,702449253648,8400780600,84,36981.4,42393.0,36651.0
403,2021-05-21,226351,40597,42172,33616,37305,82051616861,698108789817,8444024055,83,37034.96666666667,42381.0,36693.0
404,2021-05-20,228039,36754,42463,35051,40783,88281943359,763195929022,9300114537,82,37207.2,42377.0,36957.0
405,2021-05-19,263419,42945,43546,30682,37002,126358098747,692452570147,9747029838,71,37247.7,42364.0,36960.0
406,2021-05-18,221018,43488,45812,42368,42909,56187365084,802974346863,9483661362,85,37409.53333333333,42365.0,37344.0
407,2021-05-17,250910,46416,46624,42207,43538,74903638450,814701646509,10924119580,75,37582.566666666666,42368.0,37743.0
408,2021-05-16,219435,46717,49720,43963,46456,64047871555,869279076502,10194072360,85,37784.23333333333,42378.0,38305.0
409,2021-05-15,232099,49855,50640,46664,46760,59161047474,874931019742,10852949240,81,38002.3,42388.0,38851.0
410,2021-05-14,266055,49683,51438,48869,49881,55737497453,933276901265,13271089455,70,38361.73333333333,42407.0,39562.0
411,2021-05-13,276472,49735,51331,46980,49716,96721152926,930161010060,13745081952,68,38833.833333333336,42424.0,40218.0
412,2021-05-12,300452,56715,57939,49151,49151,75215403907,919527847950,14767516252,62,39227.73333333333,42441.0,40794.0
413,2021-05-11,312115,55847,56873,54609,56705,61308396325,1060790877192,17698481075,60,39894.46666666667,42475.0,41820.0
414,2021-05-10,303297,58251,59519,54071,55860,71776546298,1044927337818,16942170420,62,40511.63333333333,42507.0,42726.0
415,2021-05-09,247866,58877,59211,56482,58232,65906690347,1089244557676,14433732912,75,41336.933333333334,42545.0,43727.0
416,2021-05-08,274691,57353,59465,56975,58804,65382980634,1099863941004,16152929564,68,42178.36666666667,42584.0,44699.0
417,2021-05-07,307988,56414,58607,55322,57356,68434023376,1072727435210,17664959728,61,42894.833333333336,42620.0,45516.0
418,2021-05-06,311380,57441,58363,55383,56397,69523285106,1054714918675,17560897860,60,43589.666666666664,42652.0,46218.0
419,2021-05-05,309774,53252,57911,52969,57424,69241316747,1073873012867,17788462176,60,44274.0,42688.0,46941.0
420,2021-05-04,300824,57214,57214,53191,53334,68564706967,997324142593,16044147216,62,44744.833333333336,42713.0,47353.0
421,2021-05-03,287007,56620,58973,56591,57200,51713139031,1069563935453,16416800400,65,45399.0,42747.0,47989.0
422,2021-05-02,235214,57826,57903,56142,56631,38177405335,1058862005057,13320404034,79,46063.86666666667,42780.0,48546.0
423,2021-05-01,262991,57715,58448,57052,57828,42836427360,1081174515343,15208243548,71,46747.03333333333,42816.0,49145.0
424,2021-04-30,289389,53569,57901,53130,57750,52395931985,1079669884320,16712214750,65,47482.76666666667,42851.0,49700.0
425,2021-04-29,259465,54858,55116,52418,53555,46088929780,1001193634072,13895648075,72,48114.066666666666,42876.0,49949.0
426,2021-04-28,277126,55037,56227,53888,54825,48000572955,1024888208734,15193432950,67,48751.63333333333,42904.0,50263.0
427,2021-04-27,298109,54030,55417,53319,55033,49448222757,1028733359592,16405832597,63,49304.833333333336,42932.0,50571.0
428,2021-04-26,240687,49078,54288,48853,54022,58284039825,1009780042661,13002393114,78,49795.76666666667,42958.0,50794.0
429,2021-04-25,241041,50053,50506,47159,49004,46117114240,915955943256,11811973164,78,50149.166666666664,42972.0,50678.0
430,2021-04-24,290690,51143,51168,48805,50051,49014494781,935471648213,14549325190,64,50527.333333333336,42988.0,50638.0
431,2021-04-23,295731,51740,52121,47715,51094,86668667320,954919230092,15110079714,63,51071.433333333334,43007.0,50667.0
432,2021-04-22,274610,53857,55410,50584,51762,74798630778,967372472375,14214362820,68,51545.6,43027.0,50738.0
433,2021-04-21,226021,56471,56758,53695,53906,54926612466,1007389534360,12183888026,83,52098.96666666667,43053.0,50942.0
434,2021-04-20,279977,55682,57062,53448,56473,67849323955,1055323526514,15811141121,67,52621.96666666667,43083.0,51299.0
435,2021-04-19,208413,56192,57520,54369,55724,65344865159,1041287672154,11613606012,90,53246.03333333333,43112.0,51585.0
436,2021-04-18,274735,60702,61057,52830,56216,97468872758,1050445401610,15444502760,68,53689.6,43142.0,51883.0
437,2021-04-17,194580,61530,62572,60361,60684,66138759198,1133882479237,11807892720,96,54261.13333333333,43182.0,52451.0
438,2021-04-16,219704,63259,63595,60223,61573,84293007468,1150457156740,13527834392,85,54765.03333333333,43224.0,53040.0
439,2021-04-15,359440,63075,63822,62209,63314,60954381579,1182945492744,22757584160,52,55316.833333333336,43270.0,53703.0
440,2021-04-14,297494,63524,64863,61555,63110,77451779687,1179061093980,18774846340,63,55757.8,43315.0,54309.0
441,2021-04-13,310213,59890,63742,59870,63503,69983454362,1186364044140,19699456139,60,56217.36666666667,43361.0,54903.0
442,2021-04-12,291369,60176,61253,59590,59893,51828688519,1118871072069,17450963517,64,56575.433333333334,43398.0,55225.0
443,2021-04-11,253449,59846,60791,59290,60205,46280252580,1124635848775,15258897045,74,56692.1,43436.0,55546.0
444,2021-04-10,299086,58254,61277,58039,59793,58238470525,1116889802872,17883249198,62,56823.2,43473.0,55820.0
445,2021-04-09,324720,58327,58937,57808,58245,46655208546,1087911057870,18913316400,58,56823.63333333333,43506.0,55976.0
446,2021-04-08,278534,56100,58339,55879,58324,53053855641,1089334328139,16245217016,67,56807.63333333333,43539.0,56128.0
447,2021-04-07,321319,58187,58731,55604,56049,75645303584,1046793054753,18009608631,58,56764.066666666666,43567.0,56123.0
448,2021-04-06,309565,59172,59480,57647,58192,66058027988,1086769183295,18014206480,60,56823.9,43599.0,56256.0
449,2021-04-05,289046,58761,59891,57695,59058,60706272115,1102880790089,17070478668,65,56878.36666666667,43634.0,56437.0
450,2021-04-04,246007,57605,58914,57169,58759,50749662970,1097232660348,14455125313,76,57059.2,43667.0,56587.0
451,2021-04-03,281717,59397,60110,57604,57604,59641344484,1075617261180,16228026068,66,57072.666666666664,43698.0,56652.0
452,2021-04-02,305788,59099,60267,58869,59384,58727860620,1108813863083,18158914592,61,57164.433333333334,43733.0,56829.0
453,2021-04-01,311939,58927,59586,58505,59096,61669163792,1103377830758,18434347144,60,57206.7,43767.0,56975.0
454,2021-03-31,332749,58930,59930,57726,58919,65520826225,1100016786763,19605238331,56,57245.666666666664,43800.0,57100.0
455,2021-03-30,321090,57750,59447,57252,58918,54414116432,1099939890804,18917980620,58,57424.433333333334,43833.0,57218.0
456,2021-03-29,303305,55948,58342,55139,57750,57625587027,1078088296477,17515863750,62,57521.933333333334,43863.0,57252.0
457,2021-03-28,286272,55975,56610,55071,55951,47686580918,1044446559059,16017204672,65,57552.53333333333,43890.0,57168.0
458,2021-03-27,293772,55138,56568,54243,55974,47266542233,1044814147412,16443593928,64,57617.6,43916.0,57091.0
459,2021-03-26,320603,51683,55137,51580,55137,56652197978,1029150697411,17677087611,58,57822.03333333333,43941.0,56965.0
460,2021-03-25,301970,52727,53392,50857,51704,67999812841,965028762666,15613056880,62,57877.13333333333,43957.0,56626.0
461,2021-03-24,316848,54710,57262,52514,52774,70567223787,984948142898,16721336352,59,57933.13333333333,43976.0,56377.0
462,2021-03-23,295622,54512,55985,53471,54739,56435023914,1021563479682,16182052658,63,58032.36666666667,44000.0,56271.0
463,2021-03-22,240816,57518,58471,54288,54529,56521454974,1017595269117,13131455664,77,58053.13333333333,44022.0,56159.0
464,2021-03-21,281903,58310,58768,56006,57523,51943414539,1073417235408,16215906269,66,58088.13333333333,44051.0,56247.0
465,2021-03-20,315236,58332,60031,58213,58314,50361731222,1088105221978,18382672104,59,58174.46666666667,44082.0,56380.0
466,2021-03-19,336009,57850,59498,56644,58347,49063873786,1088666450746,19605117123,56,58245.5,44113.0,56507.0
467,2021-03-18,290992,58893,60116,54254,57859,55746041000,1079511086884,16836506128,64,58151.333333333336,44142.0,56594.0
468,2021-03-17,320003,56826,58970,54529,58871,60258313191,1098337655327,18838896613,58,58061.26666666667,44173.0,56741.0
469,2021-03-16,295528,55841,56833,53555,56805,59749798599,1059745818423,16787468040,63,57844.3,44200.0,56745.0
470,2021-03-15,305873,59267,60541,55393,55907,66419369890,1042946024860,17100441811,61,57604.2,44225.0,56691.0
471,2021-03-14,276396,61221,61598,59302,59302,43901225564,1106226132525,16390835592,67,57464.166666666664,44257.0,56860.0
472,2021-03-13,320219,57343,61684,56218,61243,60669829814,1142369158667,19611172217,58,57509.166666666664,44293.0,57143.0
473,2021-03-12,293603,57821,57997,55377,57332,55689944702,1069366321844,16832847196,64,57413.4,44320.0,57155.0
474,2021-03-11,342810,55963,58091,54485,57805,56772343595,1078135604118,19816132050,54,57347.13333333333,44349.0,57197.0
475,2021-03-10,299563,54824,57258,53291,56009,57295577614,1044580057477,16778224067,62,57272.6,44373.0,57120.0
476,2021-03-09,294404,52273,54824,51982,54824,50912227385,1022439972862,16140404896,63,57155.933333333334,44395.0,56972.0
477,2021-03-08,259411,51174,52314,49506,52247,48597428048,974321883623,13553446517,72,57029.2,44412.0,56667.0
478,2021-03-07,288225,48919,51384,48919,51207,43137459378,954880954585,14759137575,65,56796.36666666667,44426.0,56315.0
479,2021-03-06,315342,48899,49147,47258,48912,34363564661,912054166029,15424007904,59,56458.166666666664,44435.0,55837.0
480,2021-03-05,291094,48527,49396,46543,48927,48625928883,912285065720,14242356138,64,56130.433333333334,44445.0,55391.0
481,2021-03-04,333137,50522,51735,47657,48561,52343816680,905414104807,16177465857,56,55829.0,44453.0,54951.0
482,2021-03-03,340865,48416,52535,48274,50538,53220811975,942236576905,17226635370,55,55534.13333333333,44466.0,54666.0
483,2021-03-02,278838,49612,50128,47229,48379,47530897720,901933683269,13489903602,67,55176.9,44474.0,54260.0
484,2021-03-01,252630,45160,49784,45115,49631,53891300112,925235527882,12538279530,74,54867.3,44484.0,53962.0
485,2021-02-28,322915,46194,46716,43242,45138,53443887451,841428977515,14575737270,58,54407.96666666667,44486.0,53392.0
486,2021-02-27,305288,46345,48253,45269,46188,45910946382,860978135421,14100642144,61,54022.566666666666,44489.0,52928.0
487,2021-02-26,329006,47180,48371,44455,46340,350967941479,863752275053,15246138040,57,53702.2,44493.0,52503.0
488,2021-02-25,354417,49709,51949,47094,47094,54506565949,877766126138,16690914198,53,53406.2,44498.0,52154.0
489,2021-02-24,288138,48835,51290,47214,49705,63695521388,926393090751,14321899290,65,53225.13333333333,44509.0,51996.0
490,2021-02-23,284252,54205,54205,45291,48824,106102492824,909925854460,13878319648,66,53129.13333333333,44518.0,51791.0
491,2021-02-22,272147,57533,57533,48968,54207,92052420332,1010205212981,14752272429,68,53176.9,44537.0,51947.0
492,2021-02-21,321878,56069,58331,55673,57540,51897585191,1072263294725,18520860120,58,53270.26666666667,44564.0,52308.0
493,2021-02-20,340397,55887,57505,54627,56100,68145460026,1045371087640,19096271700,55,53322.63333333333,44587.0,52552.0
494,2021-02-19,317583,51676,56114,50937,55888,63495496918,1041380696669,17749078704,59,53268.13333333333,44610.0,52768.0
495,2021-02-18,318347,52141,52474,51016,51680,52054723579,962915078024,16452172960,59,53047.0,44624.0,52697.0
496,2021-02-17,293837,49207,52534,49072,52149,80820545404,971611626454,15323305713,63,52840.4,44639.0,52662.0
497,2021-02-16,312433,47944,50341,47201,49200,77049582886,916623418254,15371703600,60,52551.76666666667,44649.0,52439.0
498,2021-02-15,297189,48697,48876,46347,47945,77069903166,893210080039,14248726605,63,52187.566666666666,44655.0,52149.0
499,2021-02-14,333341,47115,49488,47115,48717,71248675228,907551330153,16239373497,56,51917.96666666667,44663.0,51927.0
500,2021-02-13,347389,47491,48048,46392,47106,70250456155,877478894464,16364106234,54,51624.6,44668.0,51616.0
501,2021-02-12,301990,47877,48746,46425,47505,76555041196,884874050612,14346034950,62,51231.36666666667,44674.0,51351.0
502,2021-02-11,340879,44899,48463,44188,47909,81388911810,892364856136,16331172011,55,50786.9,44680.0,51129.0
503,2021-02-10,359931,46470,47146,43881,44918,87301089896,836616907527,16167380658,52,50373.1,44681.0,50728.0
504,2021-02-09,341081,46185,48004,45167,46481,91809846886,865682956619,15853785961,55,49995.63333333333,44684.0,50454.0
505,2021-02-08,286963,38887,46204,38076,46196,101467222687,860342706260,13256542748,65,49668.53333333333,44687.0,50180.0
506,2021-02-07,328241,39250,39622,37446,38903,65500641143,724478833211,12769559623,57,49137.833333333336,44676.0,49452.0
507,2021-02-06,360230,38138,40847,38138,39266,71326033653,731192490093,14144791180,52,48705.13333333333,44665.0,48795.0
508,2021-02-05,367696,36932,38226,36659,38144,58598066402,710266752534,14025396224,51,48269.7,44652.0,48108.0
509,2021-02-04,345914,37475,38592,36318,36926,68838074392,687542752523,12773220364,54,47870.166666666664,44637.0,47386.0
510,2021-02-03,363550,35511,37480,35444,37472,61166818159,697672910488,13622945600,51,47488.333333333336,44623.0,46747.0
511,2021-02-02,283586,33533,35897,33489,35510,63088585433,661114581664,10070138860,66,47053.3,44605.0,46022.0
512,2021-02-01,287226,33115,34638,32384,33537,61400400660,624349044409,9632698362,65,46486.6,44584.0,45216.0
513,2021-01-31,313201,34271,34288,32270,33114,52754542671,616452744533,10371337914,59,45977.76666666667,44562.0,44435.0
514,2021-01-30,339729,34296,34835,32940,34270,65141828798,637924573284,11642512830,55,45465.73333333333,44542.0,43780.0
515,2021-01-29,325304,34319,38406,32065,34316,117894572511,638768671362,11163132064,57,45105.0,44522.0,43169.0
516,2021-01-28,323740,30441,33858,30023,33466,76517157706,622910073820,10834282840,57,44680.933333333334,44500.0,42543.0
517,2021-01-27,336084,32564,32564,29367,30433,62576762015,566417413554,10228044372,55,44150.7,44473.0,41762.0
518,2021-01-26,313098,32359,32795,31030,32570,60255421470,606169260387,10197601860,59,43666.566666666666,44450.0,41169.0
519,2021-01-25,254248,32286,34803,32088,32366,59897054838,602350097075,8228990768,73,43088.6,44427.0,40601.0
520,2021-01-24,303476,32064,32944,31107,32289,48643830599,600888568010,9798936564,61,42537.433333333334,44404.0,40065.0
521,2021-01-23,326812,32986,33361,31493,32068,48354737975,596733137645,10480207216,57,41799.46666666667,44380.0,39549.0
522,2021-01-22,288593,30818,33812,28953,33006,77207272511,614160521492,9525300558,64,40981.666666666664,44358.0,39127.0
523,2021-01-21,315657,35549,35553,30251,30826,75643067688,573565664943,9730442682,59,40139.2,44333.0,38591.0
524,2021-01-20,326515,36050,36378,33570,35548,66834573161,661400102161,11606955220,57,39461.2,44316.0,38395.0
525,2021-01-19,314018,36642,37756,36070,36070,57244195486,671081200700,11326629260,59,38940.86666666667,44300.0,38245.0
526,2021-01-18,269005,35792,37299,34884,36630,49511702429,681470030572,9853653150,69,38423.566666666666,44286.0,38141.0
527,2021-01-17,308568,36164,36722,34069,35791,52359854336,665831621391,11043957288,60,37976.6,44269.0,37989.0
528,2021-01-16,345208,36822,37864,35634,36178,57706187875,673000645231,12488935024,54,37584.36666666667,44254.0,37872.0
529,2021-01-15,338700,39157,39578,34660,36825,67760757881,685005864471,12472627500,55,37187.96666666667,44240.0,37805.0
530,2021-01-14,320223,37325,39966,36869,39187,63615990033,728904366964,12548578701,58,36924.0,44231.0,37894.0
531,2021-01-13,336498,33915,37600,32585,37316,69364315979,694069582194,12556759368,55,36584.36666666667,44218.0,37857.0
532,2021-01-12,333595,35516,36569,32698,33923,74773277909,630920422745,11316543185,56,36118.166666666664,44198.0,37603.0
533,2021-01-11,332763,38347,38347,30550,35567,123320567399,661457321418,11835381621,56,35806.46666666667,44182.0,37471.0
534,2021-01-10,319061,40254,41420,35985,38356,79980747690,713304617761,12237903716,58,35535.63333333333,44171.0,37528.0
535,2021-01-09,358588,40789,41436,38981,40255,61984162837,748563483043,14434959940,52,35337.6,44164.0,37704.0
536,2021-01-08,402293,39382,41947,36839,40798,88107519480,758625941267,16412749814,46,35400.76666666667,44158.0,37904.0
537,2021-01-07,398632,36834,40180,36491,39371,84762141031,732062681138,15694540472,47,35404.26666666667,44149.0,37999.0
538,2021-01-06,355125,34014,36880,33514,36824,75289433811,684671246324,13077123000,52,35360.26666666667,44135.0,37923.0
539,2021-01-05,371038,31977,34438,30221,33992,67547324782,631980005970,12612323696,50,35262.46666666667,44116.0,37669.0
540,2021-01-04,359799,32811,33440,28723,31972,81163475344,594384025391,11503493628,52,35079.13333333333,44094.0,37302.0
541,2021-01-03,297746,32129,34609,32052,32782,78665235202,609409213147,9760709372,62,34988.2,44073.0,37010.0
542,2021-01-02,261467,29376,33155,29091,32127,67865420765,597205944669,8400150309,71,34941.2,44051.0,36695.0
543,2021-01-01,338610,28994,29601,28804,29374,40730301359,546001594838,9946330140,55,34816.53333333333,44024.0,36223.0
